word,cnt
，,6405
了,5778
的,5051
。,2245
",",1964
吃,1843
！,1828
太,1667
也,1659
都,1648
不,1582
味道,1546
是,1485
我,1482
送餐,1473
送,1414
没,1289
还,1245
慢,1155
就,1062
没有,989
很,983
给,980
好吃,928
不错,853
好,836
送到,788
点,774
到,711
说,707
才,707
就是,702
速度,690
快,652
少,639
等,629
很好,569
凉,540
菜,536
送来,536
啊,529
要,525
再,520
还是,517
时间,506
有,492
在,491
一般,486
有点,483
很快,475
和,474
？,467
不好,442
可以,429
多,418
饭,417
外卖,408
这,407
吧,404
差,394
真,392
态度,389
但是,388
订,372
非常,370
不是,369
特别,363
而且,361
肉,356
什么,354
里,344
一个,344
怎么,340
很好吃,338
都是,334
人,332
量,331
服务,330
挺,327
打电话,311
难吃,311
电话,304
不会,303
让,302
配送,300
大,298
小哥,298
以后,293
你,291
全,291
吗,285
感觉,276
结果,270
东西,264
已经,261
家,260
米饭,259
送餐员,257
得,256
晚,255
又,253
上,251
定,250
个,248
粥,247
包装,246
来,240
用,238
放,238
做,233
这么,231
能,231
洒,229
一点,227
过,225
！！！,223
买,223
下次,222
比,222
里面,222
快递,221
差评,215
辣,214
不要,214
辛苦,212
喝,212
百度,212
！！,211
时候,210
这个,209
过来,208
呢,205
他,203
根本,200
这次,199
订单,199
去,198
真是,197
今天,194
跟,194
超级,193
也是,191
不知道,191
小,190
不过,190
两个小时,190
咸,189
第一次,189
～,181
不能,181
口味,180
师傅,179
你们,178
把,176
但,175
打,175
卷饼,173
啦,172
还行,171
。。。,170
。。,170
油,169
着,169
还不错,168
…,167
店里,166
实在,164
商家,164
……,163
下单,162
菜品,161
.,161
别,158
一份,158
汤,157
么,157
送达,157
一,156
希望,156
一次,156
钱,156
一直,152
订餐,152
~,149
餐,148
一个半小时,147
自己,147
居然,145
一个多小时,144
想,142
煎饼,142
为什么,141
非常好,140
下,140
撒,140
还有,139
其他,136
完,136
单,136
一样,135
谢谢,134
挺好,134
只,134
比较,133
这样,132
饼,132
一个小时,130
喜欢,129
拿,129
服务态度,128
成,128
长,128
后,128
套餐,127
骑士,126
备注,126
催,126
这家,125
只有,125
好评,125
无语,125
难,124
超,123
热,122
出来,122
换,121
，菜,121
太多,120
送货,119
还好,119
百度外卖,118
那,118
发票,118
死,117
饭菜,116
肘子,115
加,114
硬,114
太难,114
没法,114
真心,113
面,113
最,112
那么,111
店家,111
竟然,111
很不错,110
饮料,110
会,110
醉,110
带,109
以前,109
筷子,109
棒,107
因为,106
最后,105
满意,105
不太,104
袋子,104
客服,104
准时,103
每次,102
写,101
贵,101
饿,101
恶心,100
取消,100
很多,98
简直,98
直接,98
人员,97
，量,96
赞,96
完全,96
配送员,95
新鲜,94
腻,92
提前,91
觉得,91
一下,91
价格,91
牛肉,91
及时,89
鸡肉,89
份,88
、,88
收到,88
垃圾,88
质量,87
足,86
不到,86
如果,86
餐，,86
两个,86
看,85
被,85
现在,84
可是,83
干,83
饺子,83
我们,82
叫,82
店,81
一半,81
餐厅,80
够,79
给力,78
冷,78
要求,78
咖啡,78
失望,78
更,77
哦,77
有些,77
是不是,76
建议,76
从,76
应该,76
披萨,76
感谢,75
推荐,75
送错,75
只能,75
不如,75
肥肉,75
错,74
很一般,74
分量,73
好多,73
时,73
中,73
2个小时,73
呀,72
久,72
辣椒,71
淡,71
联系,71
像,71
不够,70
可能,70
两份,70
开,70
然后,70
快递员,69
出,68
评价,68
饿死,68
扔,68
对,67
！！！！,67
!,67
甜,67
问,67
小时,66
可乐,66
啥,66
虽然,65
便宜,65
酱,65
熟,65
之后,65
还会,64
干净,64
那个,64
餐具,63
外,63
坏,63
本来,63
迟到,63
盒子,62
发现,62
忘,61
就好,61
问题,61
装,61
退,61
显示,61
两次,60
连,60
第二次,60
蔬菜,60
11点,60
投诉,60
，赞,59
越来越,59
大家,59
取,59
不好吃,59
不一样,59
还要,58
谁,57
很大,57
只是,57
盐,57
快，,56
好，,56
之前,56
慢，,56
两个多小时,56
还送,55
确实,55
超时,55
米线,55
找,54
地方,54
哪,54
呵呵,54
收,54
说好,54
确认,54
还没有,54
将近,54
这种,53
老,53
一如既往,53
理解,53
预计,53
几次,53
漏,53
烂,53
，饼,53
除了,53
卖,53
上次,52
经常,52
还能,52
很少,52
满,52
所以,52
卷,52
南瓜粥,52
不行,52
下去,52
不值,52
12点,52
水,51
炒,51
他们,51
变成,51
已,51
哎,51
继续,50
优惠,50
餐盒,50
一些,50
基本,50
妈,50
厚,50
弄,50
就算,50
俩,49
些,48
薯条,48
打开,48
图片,48
完成,48
差劲,48
稍微,47
大哥,47
不容易,47
？！,47
坑,47
服,47
速度快,46
更好,46
，点,46
坨,46
一口,46
：,46
天气,45
地址,45
软,45
走,45
请,45
老板,45
算,45
明明,45
后来,45
2小时,44
个人,44
鸡蛋,44
皮,44
包,44
前,44
20分钟,43
口感,43
拌饭,43
一块,43
剩,43
接,43
大，,42
半小时,42
实惠,42
注意,42
可,42
没了,42
远,42
同事,42
中午,42
一小时,42
距离,42
想说,42
醋,42
打不通,42
过去,42
酸,41
吸管,41
食物,41
全都,41
半个小时,41
不敢,41
吃饭,41
方便,40
之,40
不定,40
能不能,40
拉肚子,40
倒是,40
生,40
可怜,40
您,39
透,39
却,39
饱,39
一般般,39
很满意,38
值得,38
几个,38
无法,38
看到,38
配菜,38
楼下,38
白菜,38
好久,38
先,38
掉,38
一起,38
很难,38
凉皮,38
就送,37
再来,37
哈哈,37
刚,37
味,37
很喜欢,37
几乎,37
知道,37
偏,37
见过,37
，面,37
勺子,37
别人,37
话,37
意思,37
豆浆,37
。。。。,36
1,36
，送,36
早,36
外面,36
卫生,36
看着,36
估计,36
盖饭,36
),36
恶劣,36
三个小时,36
1点,36
玩意,36
怎么样,36
找不到,35
热情,35
必须,35
上班,35
皮蛋,35
(,35
泡,35
，卷饼,35
两个半小时,35
下楼,35
1个半小时,35
严重,35
两小时,35
炒饭,34
总体,34
好像,34
减,34
全部,34
凑合,34
怪,34
等到,34
绝对,34
脆,34
改进,34
糊,34
吃着,33
！！！！！,33
活动,33
土豆丝,33
油腻,33
一碗,33
整体,33
明显,33
厨师,33
2,33
坑爹,33
整整,33
特,32
近,32
搞,32
当,32
宇宙,32
想象,32
嘛,32
一看,32
肯定,32
解释,32
豆腐脑,32
退款,32
差不多,32
香,31
好好,31
情况,31
昨天,31
不用,31
土豆,31
一盒,31
鸡腿,31
一股,31
头发,31
小菜,31
变,31
破,31
不动,31
粘,31
系统,31
单子,31
汉堡,31
跑,30
有点儿,30
下午,30
很辛苦,30
三次,30
可惜,30
这家店,30
，饭,30
等待,30
选,30
按,30
肥,30
40分钟,30
倒,30
挂,30
整个,30
咬,30
特意,30
似,30
最差,30
取餐,30
告诉我,30
卖家,29
路,29
上面,29
失败,29
鸡,29
饭量,29
补,29
略,29
回,29
剩下,29
一根,29
补送,29
我自己,29
另外,29
那么多,29
总之,29
负责,28
与,28
三个,28
吃起来,28
预定,28
体验,28
料,28
手套,28
肚子,28
原来,28
十一点,28
到处,28
点餐,28
咋,28
放在,28
告诉,28
实际,28
1个多小时,28
相当,27
选择,27
没想到,27
配,27
帮,27
离,27
花,27
发,27
_,27
极,27
想吃,27
面条,27
粉,27
锡纸,27
原因,27
千万,27
多次,27
拿到,27
半个,27
难道,27
几块,27
；,27
10点,27
耽误,27
心情,27
人家,27
怀疑,27
总,26
最好,26
小，,26
蛋糕,26
忘记,26
一杯,26
一家,26
请问,26
番茄酱,26
鱼香肉丝,26
解决,26
出去,26
需要,26
开始,26
晚上,26
顾客,26
并且,26
消费者,26
一坨,26
冷面,26
接单,25
品质,25
天,25
工作,25
终于,25
朋友,25
尤其,25
为啥,25
贴心,25
性价比,25
汤，,25
丝,25
豆腐,25
地,25
餐巾纸,25
嚼,25
或者,25
肉夹馍,25
回来,25
饭盒,25
其实,25
半天,25
，豆腐脑,25
受不了,25
（,25
2个多小时,25
扔掉,25
任何,25
奶油,25
足，,24
美味,24
正宗,24
碎,24
为了,24
股,24
小炒,24
费,24
冰,24
支持,24
所有,24
还给,24
精致,24
值,24
唉,24
以为,24
不知,24
纸袋,24
客户,24
各种,24
通知,24
辣，,24
拌,24
打包,24
关键,24
影响,24
最后一次,24
催单,24
晕,24
一共,24
差，,24
韭菜,24
挺不错,23
大叔,23
差点,23
不错，,23
手,23
下雨,23
，餐,23
沙拉,23
菜，,23
卤蛋,23
皮蛋瘦肉粥,23
不看,23
行,23
高,23
？？,23
中间,23
猪肉,23
足足,23
货,23
饭店,23
从来,23
光顾,22
评论,22
冷天,22
外卖员,22
购买,22
字,22
汤汁,22
划算,22
重要,22
钱，,22
黄瓜,22
压,22
进,22
20,22
起来,22
上楼,22
多少,22
总是,22
门口,22
十点,22
凉菜,22
黑,22
食欲,22
该,22
两点,22
气死,22
首先,22
很方便,21
样子,21
送货员,21
，汤,21
奶茶,21
很久,21
很赞,21
芝士,21
认真,21
员,21
来说,21
适合,21
提高,21
排骨,21
在一起,21
马上,21
怕,21
快点,21
京酱肉丝,21
左右,21
纸,21
处理,21
葱,21
星,21
然,21
沟通,21
极其,21
一点点,21
糊弄,21
接到,21
告知,21
次,21
30,21
1个小时,21
抄手,21
网上,21
吐,21
根,21
11点半,21
半价,21
下雨天,20
完美,20
习惯,20
忙,20
湿,20
碗,20
接受,20
公司,20
那种,20
其它,20
重,20
还算,20
吧，,20
3个小时,20
夹,20
未,20
素质,20
“,20
臭,20
？？？,20
石锅拌饭,20
这么多,19
好！,19
锅,19
麻烦,19
靠谱,19
～～,19
一定,19
塑料,19
花生,19
纸巾,19
有待,19
-,19
为,19
10分钟,19
起,19
无,19
再买,19
鸡翅,19
哪里,19
煮,19
孩子,19
退钱,19
她,19
宫保鸡丁,19
不对,19
一层,19
要死,19
很失望,19
馊,19
忍,19
半杯,19
份量,18
还不错，,18
楼,18
13,18
见,18
棒棒,18
神速,18
烤,18
，，,18
到达,18
女生,18
合适,18
价钱,18
午餐,18
很多次,18
手机,18
小心,18
上来,18
不买,18
不好意思,18
反正,18
付,18
胃口,18
午饭,18
木耳,18
早点,18
改,18
恭维,18
十二点,18
按时,18
事,18
挑,18
超过,18
遇到,18
点心,18
油条,18
单，,18
3,18
服务员,18
鸡块,18
期间,17
超赞,17
到位,17
炸,17
超值,17
十分钟,17
加热,17
道歉,17
很实惠,17
面皮,17
重新,17
照片,17
找到,17
普通,17
做好,17
不在,17
）,17
专业,17
赔付,17
菜单,17
咸菜,17
没办法,17
熟，,17
有问题,17
浪费,17
半盒,17
塑料袋,17
看看,17
还在,16
百度外卖，,16
。菜,16
哈,16
零钱,16
爱吃,16
不大,16
一天,16
调料,16
用心,16
几口,16
稍,16
果汁,16
来了,16
不管,16
腥,16
四十分钟,16
不少,16
而,16
头,16
抱歉,16
没用,16
就这样,16
牛逼,16
清楚,16
支付,16
平时,16
黏,16
一句,16
馅,16
诚信,16
整,16
薄脆,16
鸡柳,16
现,16
红油,16
45分钟,16
脏,16
注明,16
蜗牛,16
大概,16
两块,16
打通,16
敢,16
说明,16
40,16
路程,16
气,16
鱼,16
化,16
半,15
糖,15
责任,15
每天,15
提示,15
五星,15
新,15
非常棒,15
，菜品,15
十分,15
嫩,15
非,15
很干净,15
肥牛,15
好。,15
试试,15
一个人,15
说实话,15
够了,15
巨,15
由于,15
分开,15
太太,15
”,15
晚饭,15
饭，,15
强烈,15
主要,15
进去,15
食品,15
30分钟,15
成功,15
付款,15
店员,15
吃饱,15
包子,15
价,15
红烧肉,15
不满,15
却是,15
也不,15
实物,15
确定,15
12点半,15
占线,15
，连,15
吐槽,15
12,15
正,14
最近,14
味儿,14
真不错,14
唯一,14
快！,14
炒菜,14
骨头,14
棒棒哒,14
热乎,14
事情,14
用餐,14
口,14
^,14
青菜,14
另,14
正常,14
，肉,14
青椒,14
酱料,14
还以为,14
连续,14
撑,14
一会,14
勉强,14
尖椒,14
儿,14
，定,14
餐品,14
米,14
5块,14
靠,14
按照,14
十点半,14
两口,14
第二,14
才能,14
烤肠,14
导致,14
留言,14
生意,14
没问题,14
早餐,14
低,14
不再,14
虫子,14
糟糕,14
关机,14
走路,14
几根,14
一点半,14
。。。。。,14
彻底,14
90分钟,14
理,14
脾气,14
这里,14
欺骗,14
西红柿,14
入味,13
点赞,13
辣味,13
两个人,13
良心,13
不贵,13
爱,13
！赞,13
尝尝,13
 ,13
逗,13
细心,13
干嘛,13
没看见,13
肉卷,13
清淡,13
瘦肉粥,13
:,13
薄,13
一次性,13
是因为,13
卷饼，,13
酱汁,13
第二天,13
瘦肉,13
辣酱,13
至少,13
菜汤,13
泡菜,13
并,13
见到,13
4,13
赶紧,13
接电话,13
考虑,13
再次,13
越,13
20元,13
锅包肉,13
羊肉,13
稻香村,13
高峰,13
底,13
食材,13
下来,13
凉面,13
蘑菇,13
三份,13
认识,13
奇葩,13
分,13
冰凉,13
扣,13
一星,13
！！！！！！,13
坑人,13
郁闷,13
吃出,13
依然,12
麻辣香锅,12
雾霾,12
内容,12
电梯,12
酸菜,12
迅速,12
最爱,12
明天,12
烫,12
耐心,12
不足,12
杯子,12
杯,12
家里,12
幸好,12
有礼貌,12
三遍,12
大小,12
?,12
袋装,12
下面,12
错误,12
抓,12
保证,12
加油,12
硬，,12
尝,12
都挺好,12
将,12
，粥,12
那样,12
手里,12
爆,12
2个,12
吃饱，,12
这些,12
香味,12
里边,12
貌似,12
王老吉,12
一只,12
本,12
/,12
经历,12
鱿鱼,12
到家,12
信息,12
也许,12
刷,12
黄太吉,12
胃疼,12
无奈,12
汤包,12
再说,12
去取,12
内,12
过分,12
不爽,12
一堆,12
理由,12
承诺,12
第一,12
2个半小时,12
15,12
约定,12
且,12
石锅,12
欠,12
路，,12
星巴克,12
太烂,11
猪蹄,11
，送餐,11
蛮,11
一定要,11
区别,11
这么快,11
两杯,11
效率,11
刚刚好,11
作为,11
微辣,11
一塌糊涂,11
汁,11
=,11
北京,11
出门,11
懒得,11
省,11
果断,11
赠送,11
两天,11
当然,11
尝试,11
改善,11
就要,11
健康,11
中份,11
香菇,11
对不起,11
45,11
加点,11
提,11
第三次,11
歉意,11
慢点,11
差距,11
四块,11
长时间,11
流,11
牙,11
迟,11
心,11
餐馆,11
自取,11
留,11
准备,11
这么多次,11
洗,11
路上,11
回家,11
一会儿,11
晚，,11
香菜,11
看来,11
辣椒，,11
水平,11
一瓶,11
蛋,11
基本上,11
生气,11
盖子,11
其中,11
剩饭,11
勺,11
好意思,11
大块,11
打死,11
1小时,11
回复,11
拉,11
11,11
回去,11
做成,11
图,11
一声,11
下咽,11
要命,11
回事,11
海鲜,11
拿铁,11
正一味,11
五分钟,10
也有,10
就能,10
附近,10
名字,10
都会,10
再送,10
哒,10
速度快，,10
天天,10
着急,10
在家,10
大赞,10
产品,10
老公,10
隔,10
差别,10
有人,10
下回,10
包装袋,10
盒饭,10
依旧,10
10点半,10
不舒服,10
至于,10
满满,10
真够,10
快一点,10
太早,10
一片,10
如何,10
表示,10
期待,10
加强,10
果然,10
15分钟,10
酱香,10
奇怪,10
一点儿,10
一颗,10
增加,10
凑,10
！菜,10
酱油,10
一张,10
牛蛙,10
温,10
弄错,10
麻辣烫,10
水果,10
小碗,10
使用,10
办,10
出现,10
小笼包,10
费，,10
两盒,10
煎蛋,10
不符,10
不靠谱,10
100分钟,10
巨难,10
肥肉，,10
不接,10
信,10
形容,10
几片,10
永远,10
管,10
顿,10
2次,10
涨价,10
怎样,10
状态,10
下降,10
菠菜,10
赞赞,9
愿意,9
炖,9
9点,9
冬天,9
表扬,9
哟,9
负,9
继续努力,9
连着,9
好多次,9
开心,9
很高,9
保持,9
拿来,9
十个,9
不完,9
正好,9
鸡排,9
颜色,9
！量,9
地道,9
预期,9
钢丝,9
总体来说,9
算是,9
坚持,9
滴,9
木,9
盖,9
实体店,9
肉，,9
～～～,9
第一个,9
女,9
哭,9
下班,9
第一次点,9
5,9
早就,9
比较好,9
桌子,9
看起来,9
提供,9
之类,9
放心,9
毕竟,9
2份,9
免,9
招牌,9
2块,9
本身,9
那么久,9
如此,9
虾,9
豆角,9
焖面,9
晚餐,9
它,9
两片,9
发生,9
60分钟,9
80分钟,9
肉饼,9
姜,9
主动,9
搞错,9
慎重,9
卤肉饭,9
翻,9
同,9
地点,9
蟑螂,9
沙子,9
腥味,9
擦,9
十一点半,9
借口,9
四十,9
反应,9
，害,9
不负,9
骗子,9
不明白,9
剩菜,9
毛,9
特么,9
碰到,9
糟,9
什么时候,9
三块,9
关门,9
做生意,9
11:30,9
丢了,9
骗人,9
散,9
花钱,9
接，,9
标注,9
是否,9
夸张,9
刚刚,9
青笋,8
一趟,8
，辣,8
准,8
快速,8
敬业,8
本人,8
经典,8
帅,8
  ,8
提醒,8
大雪天,8
。。。。。。,8
帮忙,8
热乎乎,8
不惯,8
浓,8
丸子,8
一袋,8
小伙,8
盒,8
几分钟,8
煎,8
同时,8
猪手,8
冒,8
肥肠,8
刚好,8
豆皮,8
拌面,8
两,8
配餐,8
温度,8
咯,8
。卷饼,8
洋葱,8
男生,8
球,8
稠,8
锡箔,8
太难吃,8
一开始,8
，口感,8
缘故,8
二十分钟,8
肉片,8
土豆肉丝,8
夹生,8
从来没有,8
对方,8
▽,8
学校,8
店面,8
加上,8
拌菜,8
论,8
50分钟,8
十二点半,8
保温,8
懂,8
九点,8
没时间,8
蒜,8
，比,8
住,8
馅料,8
香肠,8
特色,8
酸辣粉,8
饭馆,8
几天,8
不懂,8
太忙,8
想要,8
芹菜,8
外送员,8
儿子,8
关,8
餐！,8
………,8
鸡丁,8
冲,8
炒面,8
米条,8
黄,8
事儿,8
后面,8
当时,8
一致,8
于是,8
三小时,8
询问,8
花椒,8
堂食,8
马路,8
，豆腐,8
宫爆鸡丁,8
3个,8
物流,8
不接电话,8
空号,8
猪,8
想想,8
不仅,8
在路上,8
能说,8
最终,8
相差,8
只要,8
下午两点,8
意义,8
接听,8
8点,8
难受,8
句,8
咨询,8
答复,8
总共,8
极点,8
），,8
煮熟,8
闹肚子,8
上当,8
接通,8
头一次,8
所,8
2点,8
看不到,8
倒闭,8
50,8
制作,8
反馈,8
就像,8
小区,8
玉米,8
抠,8
客人,8
软件,8
好不容易,8
听,8
3次,8
发霉,8
合谷,8
3块,8
苦,8
油菜,8
状元,8
菜花,8
经过,7
，份,7
肉质,7
棒棒哒！,7
大风,7
，大冷天,7
赞！,7
每,7
很速度,7
派送员,7
两种,7
嗯，,7
牛,7
封口,7
说话,7
赞，,7
赶上,7
记得,7
两碗,7
到手,7
四个,7
哥们,7
不合,7
10,7
周到,7
对于,7
较,7
需,7
点菜,7
品尝,7
小吃,7
爬,7
海带,7
5分钟,7
微辣，,7
类似,7
热天,7
土豆泥,7
原味,7
高兴,7
可口,7
炸鸡,7
员工,7
app,7
裹,7
好不好,7
门店,7
失误,7
光,7
高峰期,7
半份,7
满分,7
，差,7
首选,7
裂,7
三种,7
活,7
看见,7
肉肉,7
牛皮,7
肘子卷饼,7
外包装,7
太好,7
惊喜,7
大约,7
玩,7
停,7
推,7
饱。,7
会不会,7
并没有,7
朋友们,7
切,7
甜味,7
原价,7
豆芽,7
代金券,7
夏天,7
合理,7
这份,7
摊,7
说说,7
尼玛,7
晚点,7
8元,7
一单,7
肠,7
每个,7
，像,7
家人,7
花卷,7
不同,7
番茄,7
写错,7
边,7
门,7
串,7
不止,7
粉丝,7
狗,7
黏糊糊,7
及,7
之间,7
选项,7
改良,7
塌,7
哇,7
派送,7
鸡丝,7
，煎饼,7
亏,7
午休,7
一分钟,7
对面,7
这点,7
故意,7
断,7
小份,7
清,7
说完,7
关系,7
在线,7
漏送,7
地上,7
差价,7
谢,7
当天,7
慢。,7
商务,7
简单,7
咱,7
多下,7
查,7
骂人,7
飘香,7
近两个小时,7
只好,7
不准,7
而是,7
”，,7
这边,7
另一个,7
其次,7
说到,7
大爷,7
傻逼,7
生菜,7
味，,7
小。,7
泥,7
五花肉,7
得到,7
1个,7
很远,7
汤全,7
好歹,7
TM,7
逼,7
感受,7
位置,7
麻酱,7
这一次,7
13点,7
尽快,7
11点20,7
三,7
不耐烦,7
塞,7
食堂,7
拿出来,7
6寸,7
自动,7
难以,7
变形,7
1点半,7
收费,7
石头,7
一包,7
番茄酱，,7
既然,7
茄子,7
30块,7
霸王,7
香草,7
奶,7
砸,7
海带丝,7
鹌鹑蛋,7
数量,7
粉条,7
巧克力,7
极差,7
搞笑,7
汉堡王,7
鸡条,7
管理,7
秘制,7
好极,6
容易,6
鱼豆腐,6
臭味,6
鸭头,6
订购,6
！！！！！！！,6
柠檬,6
美团,6
好好好,6
快～,6
热饮,6
菠萝,6
冻,6
雨,6
齐全,6
32个,6
本次,6
烤鸭,6
包菜,6
必要,6
一级,6
山药,6
只不过,6
盐酥鸡,6
哥哥,6
特价,6
大大,6
双拼,6
常,6
热干面,6
第一天,6
房间,6
打包盒,6
肯德基,6
冒雨,6
小点,6
，京酱肉丝,6
没关系,6
涨,6
！饼,6
起码,6
售后,6
较慢,6
提升,6
同学,6
o,6
肉块,6
意见,6
尖椒土豆丝,6
，皮蛋瘦肉粥,6
纯,6
南瓜,6
，卷,6
光临,6
饱，,6
好高大上,6
高大上,6
周末,6
足！,6
臭臭,6
的确,6
嘴,6
短信,6
品牌,6
，呵呵，,6
多些,6
微波炉,6
听说,6
包装盒,6
担心,6
令人,6
专门,6
*,6
哥,6
楼上,6
机会,6
12:30,6
重点,6
预约,6
过程,6
仔细,6
80多分钟,6
六块,6
搭配,6
劲,6
咽,6
种类,6
土豆丝卷饼,6
馒头,6
客气,6
一切,6
小小,6
进来,6
品种,6
没得,6
一种,6
，，，，,6
鸡皮,6
去掉,6
n,6
足够,6
决定,6
太特,6
话，,6
支付宝,6
必胜客,6
一人,6
饺子，,6
吃饺子,6
贴,6
标明,6
烧,6
…………,6
默认,6
10个,6
羊肉串,6
。量,6
沾,6
电,6
车,6
十几分钟,6
想办法,6
南瓜羹,6
电动车,6
煎饼果子,6
吃吃,6
500米,6
更换,6
不方便,6
捂,6
疙瘩汤,6
滋味,6
眉州东,6
汤。,6
垃圾桶,6
消息,6
有没有,6
商品,6
馄饨,6
补偿,6
四份,6
4元,6
款,6
宽,6
反胃,6
1公里,6
，醉,6
凝固,6
厚厚,6
苍蝇,6
股子,6
汤水,6
别定,6
屁,6
过长，,6
有限,6
20块,6
忙，,6
11:45,6
送出,6
一个字,6
给予,6
看不见,6
100多分钟,6
罢,6
又说,6
不全,6
崩溃,6
直到,6
青椒，,6
疼,6
所谓,6
长，,6
谁知道,6
忽悠,6
怎么回事,6
不愉快,6
史,6
从没,6
第二个,6
咋地,6
慢！,6
无数次,6
脸,6
哪儿,6
一条,6
突然,6
这么少,6
往,6
操,6
真心不好,6
随便,6
指定,6
早知道,6
慢慢,6
派,6
单独,6
或,6
这么贵,6
小时餐,6
一分钱,6
异味,6
三分之一,6
怪味,6
核对,6
延迟,6
疙瘩,6
吃差,6
五块,6
街边,6
没给,6
前后,6
7点,6
嘴里,6
挤,6
辣酱，,6
私自,6
答应,6
缺,6
半碗,6
压扁,6
无力,6
时间长,6
鸭子,6
酸味,6
牛肉饭,6
水煮,6
体谅,6
关东煮,6
咖喱,6
掺,6
13:00,6
大盘鸡,6
倒掉,6
咸味,6
鳕鱼,6
小渝府,6
快捷,5
香，,5
土豆片,5
饿了么,5
一大,5
礼貌,5
合,5
赞。,5
湖南,5
讲,5
熟悉,5
骑手,5
五分,5
必,5
感动,5
珍珠,5
最喜欢,5
布丁,5
四次,5
白,5
好几天,5
棒，,5
。赞,5
力度,5
飞,5
大姐,5
饮品,5
！点,5
享受,5
温馨,5
愉快,5
老人,5
大。,5
满足,5
全家,5
，料,5
眉州,5
请注意,5
，骑士,5
很可爱,5
需求,5
卡,5
有所,5
以上,5
萝卜,5
蛮好,5
一双,5
热腾腾,5
神速，,5
功能,5
，速度快，,5
大白菜,5
家乡,5
单位,5
牛肉面,5
好在,5
只用,5
',5
稍稍,5
经济实惠,5
大号,5
土豆肉丝卷,5
八宝,5
多大,5
方面,5
精美,5
宇宙卷饼,5
网络,5
，土豆丝,5
订饭,5
环保,5
→,5
⊙,5
传说,5
惊呆,5
。皮蛋瘦肉粥,5
9块,5
水准,5
在乎,5
陷,5
素,5
办公室,5
稀,5
佳,5
肘子卷,5
挣钱,5
严实,5
去年,5
中分,5
心里,5
较快,5
评,5
信号,5
用料,5
无敌,5
同样,5
嗒,5
点点,5
大上,5
妈妈,5
胃,5
标价,5
，拌饭,5
缺点,5
辣椒酱,5
。鱼香肉丝,5
种,5
用来,5
四十多分钟,5
优惠，,5
假,5
肉皮,5
正在,5
很早,5
不得不,5
一脸,5
价位,5
柴,5
，说,5
不爱,5
下午一点,5
有史以来,5
赞赞赞,5
第一口,5
土豆丝卷,5
省事,5
金枪鱼,5
pizza,5
菜量,5
美食,5
诚实,5
饼子,5
调味,5
南瓜饼,5
懒,5
这位,5
贵，,5
到底,5
幸亏,5
炸酱面,5
约,5
为何,5
保温箱,5
馅饼,5
小伙子,5
从此,5
陀,5
老顾客,5
三样,5
生产,5
日期,5
100,5
特地,5
偶尔,5
摔,5
瞬间,5
卧槽,5
想到,5
面饼,5
快餐,5
口袋,5
要点,5
伤心,5
检查,5
ω,5
以,5
即使,5
薏米,5
话说,5
分店,5
齁,5
打折,5
才是,5
手撕包菜,5
成本,5
办法,5
眉州东坡,5
咸，,5
，宫保鸡丁,5
星，,5
坡,5
以外,5
农家,5
小炒肉,5
闷,5
期望,5
蘸,5
八点,5
，坨,5
时段,5
米粉,5
蒸,5
节奏,5
沙拉，,5
爽口,5
前几天,5
催促,5
？？？？,5
好看,5
黄焖鸡,5
没事,5
猫,5
喂,5
鱼头,5
先是,5
马,5
放弃,5
很重要,5
一顿,5
可想而知,5
傻子,5
骗,5
交,5
相,5
三点,5
就会,5
土豆丝，,5
墨迹,5
几百米,5
，少,5
至今,5
不成,5
两根,5
中途,5
小伙伴们,5
疯了,5
混,5
酱，,5
安排,5
3小时,5
通,5
一圈,5
五十分钟,5
前台,5
慢慢慢,5
通话,5
小票,5
死人,5
明白,5
立即,5
！定,5
不见,5
想像,5
，辣椒,5
上午,5
8块,5
粗,5
永远不会,5
劝,5
信誉,5
35,5
赔,5
打的,5
孙子,5
绝对不会,5
减量,5
95分钟,5
退单,5
无人,5
拿出,5
餐员,5
语气,5
赚,5
极差！,5
印象,5
牛肉，,5
4个,5
一位,5
店长,5
没味，,5
嫌,5
傻,5
强调,5
妹,5
，袋子,5
做法,5
不符合,5
夜宵,5
4点,5
其他人,5
退餐,5
！！！！！！！！,5
拒收,5
么？,5
5元,5
超市,5
那边,5
十块,5
做菜,5
错单,5
乱七八糟,5
以及,5
节省,5
干脆,5
，明明,5
早上,5
双筷子,5
多久,5
两分钟,5
不好吃，,5
包装费,5
石锅拌饭，,5
肥牛，,5
相比,5
泡菜汤,5
宫保鸡丁饭,5
淀粉,5
渣,5
蛋挞,5
说什么,5
吉吉熊,5
焗饭,5
延误,5
无视,5
此次,5
面包,5
五六块,5
有病,5
合作,5
缩水,5
3元,5
麻油,5
黑乎乎,5
五折,5
地图,5
最多,5
至极,5
脑子,5
酱汤,5
茴香,5
三十分钟,5
配料,5
腿,5
超大,5
星冰乐,5
更新,5
结束了,5
。害,5
实际上,5
腊肉,5
40多分钟,5
写明,5
拌饭酱,5
，石锅拌饭,5
羊肉泡馍,5
家门,4
盆,4
红薯,4
美味，,4
寒冷,4
精神,4
大风天,4
岩盐,4
绿茶,4
，奶茶,4
大杯,4
！赞！,4
两趟,4
减肥,4
更多,4
灰,4
坐,4
榨菜,4
，东西,4
努力,4
：）,4
OK,4
送给,4
十足,4
一手,4
可说,4
不得,4
哪个,4
绿色,4
过瘾,4
亲自,4
，人,4
牛肉面，,4
8,4
不做,4
小哥儿,4
三口,4
半年,4
超快，,4
周到，,4
歺,4
丰富,4
准确,4
想吐,4
，肥肉,4
很麻烦,4
诚意,4
霸气,4
下雪天,4
叔叔,4
喝完,4
纯素,4
工资,4
诶,4
关注,4
后悔,4
历时,4
好棒,4
早送,4
餐。,4
再接再厉,4
男,4
非常实惠,4
爽,4
。定,4
微,4
一品,4
传,4
额,4
加快,4
不认,4
哈，,4
多长时间,4
2分钟,4
事件,4
积极,4
店铺,4
赶时间,4
香菇，,4
小贵,4
只有我,4
出乎意料,4
闻,4
发誓,4
，皮,4
骑,4
有点甜,4
好少,4
发货,4
，花,4
不通！,4
纠结,4
可口可乐,4
喔,4
想着,4
之外,4
#,4
餐晚,4
厚，,4
两单,4
肉筋,4
单品,4
，分量,4
立,4
响,4
再吃,4
要不要,4
问问,4
甜面酱,4
趴,4
上课,4
主食,4
档次,4
被骗,4
美好,4
切碎,4
糊味,4
妹子,4
记忆,4
嘻嘻,4
添加,4
色,4
真正,4
家门口,4
！！粥,4
≦,4
≧,4
火,4
百度外卖。,4
个头,4
鲜,4
避免,4
急,4
埋怨,4
天，,4
做错,4
黄鱼,4
功夫,4
水煮肉,4
肉馅,4
胡萝卜，,4
两样,4
糕点,4
愧,4
做出,4
身上,4
粗粮,4
羊杂,4
非得,4
做饭,4
，牛肉,4
一分,4
尺寸,4
细致,4
站点,4
病人,4
脚,4
范围,4
抱怨,4
叮嘱,4
生病,4
开门,4
脆皮,4
过节,4
大虾,4
双,4
四季豆,4
藕片,4
拉面,4
排队,4
宿舍,4
哼,4
姐姐,4
老字号,4
号码,4
香蕉,4
一块钱,4
咋样,4
豆浆，,4
肉松,4
减价,4
沙拉酱,4
屋里,4
扁豆,4
料理,4
，豆浆,4
橙汁,4
油炸,4
做完,4
中国,4
之所以,4
多一点,4
摆,4
5分,4
望京,4
糖，,4
传统,4
同意,4
。点,4
现场,4
回锅肉,4
损失,4
以来,4
厨子,4
赠,4
信任,4
三个人,4
，小炒肉,4
餐费,4
密封,4
血,4
甚至,4
30元,4
，肉夹馍,4
额外,4
反而,4
一次点,4
认,4
以往,4
量比,4
品味,4
米，,4
神马,4
日,4
买家,4
三杯,4
再用,4
废,4
无耻,4
显然,4
三碗,4
呗,4
欺负,4
可恶,4
接近,4
放到,4
还有什么,4
丝，,4
13:20,4
一晚上,4
极差，,4
粥，,4
从前,4
要死，,4
呐,4
尊重,4
具体,4
受,4
6元,4
7块,4
蛋壳,4
退货,4
七元,4
网友,4
下午一点半,4
12点15,4
14,4
第一时间,4
惊人,4
花儿,4
回电,4
硬是,4
白粥,4
肥肉！,4
底下,4
下午1点,4
一大半,4
变得,4
优点,4
临时,4
优惠卷,4
不怕,4
不要吃,4
没味,4
。饼,4
办事,4
线,4
等等,4
愣是,4
5点半,4
理直气壮,4
熟！,4
12:45,4
餐人,4
赚钱,4
敷衍,4
水泡,4
6块,4
她说,4
近一个小时,4
筋,4
毁,4
南瓜粥，,4
拨打,4
拜托,4
十元,4
400,4
浸,4
能够,4
屎,4
单点,4
通过,4
兜子,4
行为,4
不差,4
退订,4
超长,4
25分钟,4
这款,4
没有人,4
，头,4
一刻,4
别点,4
拌饭，,4
两遍,4
想问问,4
招,4
打电话说,4
八点半,4
无所谓,4
路边,4
无比,4
12元,4
玩意儿,4
18,4
统一,4
由,4
一副,4
莫名其妙,4
战斗机,4
这辈子,4
照,4
调味料,4
咋回事,4
5点,4
+,4
智商,4
大葱,4
七点,4
到时,4
材料,4
50%,4
吧！,4
大排,4
影子,4
拍,4
本单,4
动,4
而已,4
凑活,4
盒装,4
鸭,4
酸奶,4
蕨根粉,4
难吃，,4
敲门,4
弄成,4
猪排,4
热菜,4
了得,4
两颗,4
70分钟,4
薯,4
告诉你,4
意面,4
前一天,4
瞎,4
提交,4
过劲,4
承担,4
白饭,4
转,4
着实,4
车费,4
明确,4
方便面,4
小盒,4
烧饼,4
一大坨,4
草,4
不远,4
多花,4
程度,4
打算,4
油，,4
伤,4
绕,4
用户,4
一遍,4
一个小时二十分钟,4
3点,4
，丸子,4
0分,4
盖好,4
马虎,4
T,4
主菜,4
石子,4
麻婆豆腐,4
想知道,4
14点,4
冰乐,4
路线,4
上传,4
拿铁，,4
請,4
可气,4
餐点,4
特大,4
奶盖,4
那么少,4
叶子,4
赔偿,4
排骨，,4
可笑,4
18元,4
愤怒,4
宏,4
三个多小时,4
70多分钟,4
300米,4
佩服,4
休息,4
5折,4
两道,4
馊味,4
薄薄,4
加一,4
锅贴,4
大酱汤,4
6点,4
，汉堡,4
业务,4
报销,4
致电,4
9元,4
叉子,4
花蛤,4
金额,4
丽华,4
网站,4
减免,4
堵车,4
应,4
炒饼,4
钱。,4
及其,4
，大酱汤,4
，否则,4
辣椒油,4
简陋,4
相连,4
腊八蒜,4
腊八蒜，,4
药,4
汉拿山,4
刷新,4
辣牛肉汤,4
，凉皮,4
白米饭,4
卤蛋，,4
接线,4
河粉,4
可口，,3
填,3
鲜嫩,3
六,3
过年,3
，红烧肉,3
，小哥,3
坦白,3
小炒肉，,3
超级快，,3
红红火火,3
仍,3
天冷,3
7点半,3
天真,3
快乐,3
好，速度快，,3
20多分钟,3
嘿嘿,3
|,3
赞赞！,3
身体,3
百度公司,3
奶茶，,3
几杯,3
悲剧,3
，点赞,3
更改,3
超快！,3
   ,3
宝宝,3
可可,3
女儿,3
水煮牛肉,3
两双,3
山楂,3
，鱼香肉丝,3
水，,3
毛血旺,3
甜甜,3
。饭,3
入,3
三盒,3
拥有,3
，黄焖鸡,3
真辛苦,3
升级,3
百度外卖！,3
一流,3
噢,3
呆,3
超高,3
什么叫,3
广告,3
祝,3
道,3
比不上,3
15元,3
笋,3
就送到,3
味！,3
，派送员,3
大厅,3
面对,3
酸汤,3
收钱,3
100个,3
百度，,3
个别,3
！面,3
至,3
，大赞,3
极快,3
坨，,3
豆干,3
上火,3
偷吃,3
毛线,3
汤圆,3
可以说,3
鸡肉卷,3
，鸡翅,3
前来,3
意外,3
京酱肉丝卷,3
凉拌木耳,3
安全,3
<,3
>,3
韩国,3
完整,3
皮蛋粥,3
呜,3
很奇怪,3
∠,3
儿童,3
一个月,3
状况,3
没多久,3
二十,3
！皮,3
实惠，,3
太帅,3
點,3
来回,3
美女,3
刚才,3
没注意,3
大店,3
在这里,3
劲儿,3
袋,3
可能会,3
淡淡,3
部分,3
宇宙卷饼，送餐,3
吃肉,3
宇宙卷饼，,3
订餐，,3
占,3
若,3
筋道,3
还不错。,3
，香,3
正能量,3
精细,3
，凉拌木耳,3
皮儿,3
瘦肉，,3
中号,3
香菇鸡肉,3
五道口,3
嘴唇,3
北方,3
120分钟,3
餐饮,3
上门,3
香菇鸡肉卷,3
顺便,3
一盘,3
真真,3
拿着,3
～赞,3
←,3
向,3
笑,3
，心,3
甜点,3
发送,3
受到,3
再有,3
叶,3
达,3
人们,3
搭,3
托,3
豆子,3
150分钟,3
五,3
创意,3
在线支付,3
，皮蛋粥,3
纪录,3
大量,3
试,3
弄得,3
有种,3
忍不住,3
拯救,3
人生,3
30多,3
加多宝,3
赶,3
很用心,3
极好,3
比例,3
！卷饼,3
汇源果汁,3
怎,3
常客,3
3份,3
偏重,3
淡，,3
酱汁，,3
肌肉,3
一元,3
，鸡腿肉,3
4块,3
额，,3
3个多小时,3
瓶,3
很容易,3
短,3
3、,3
，果,3
又一次,3
正餐,3
丁，,3
青辣椒,3
餐、,3
顿时,3
土豆肉丝卷饼,3
，。,3
外卖点,3
一个劲,3
王老吉，,3
协商,3
标,3
一個,3
不住,3
拆开,3
折腾,3
遗憾,3
漏油,3
蔬菜卷,3
13元,3
尴尬,3
措施,3
裂开,3
运费,3
\,3
榴莲,3
批,3
！～,3
老客户,3
料包,3
格子,3
美,3
10元,3
热气,3
虾仁,3
高，,3
，骑士哥,3
白肉,3
回应,3
进门,3
干，,3
干煸豆角,3
就是要,3
，“,3
点面,3
好速度,3
环境,3
，鸡丁,3
～～～～,3
来不及,3
瘦,3
超出,3
小弟,3
比萨,3
真好,3
可选,3
，炒饭,3
这回,3
在意,3
没话说,3
礼物,3
两回,3
细,3
缺少,3
劲道,3
土豆粉,3
过敏,3
牛腩,3
」,3
不便,3
切开,3
大名,3
不通,3
路边摊,3
饱！,3
感冒,3
网页,3
煎饼，,3
惨不忍睹,3
回购,3
夹油条,3
大雨,3
水果盒,3
版,3
住在,3
没错,3
昏,3
可乐，,3
软软,3
第二份,3
直,3
傻缺,3
预订,3
bug,3
从新,3
相对,3
豆瓣酱,3
强,3
忒,3
粽子,3
业界,3
O,3
标签,3
分别,3
余温,3
果子,3
超辣,3
葱花饼,3
味精,3
否则,3
水煮鱼,3
适应,3
速,3
拼,3
送单,3
欺人,3
不配,3
，米,3
旺,3
神,3
葱油拌面,3
灌,3
蘸料,3
上边,3
银耳,3
强烈推荐,3
三明治,3
过期,3
一勺,3
17元,3
，付,3
理会,3
烟头,3
sb,3
卤肉,3
绝不再,3
问一下,3
不通，,3
小炒牛肉,3
3天,3
外卖盒,3
饿坏,3
服气,3
极致,3
注定,3
脑袋,3
北京鸡肉卷,3
沒有,3
常温,3
越来越少,3
座机,3
从未,3
点击,3
搜,3
边上,3
完餐,3
五六分钟,3
再见,3
，青椒,3
丢掉,3
这么点,3
能力,3
从不,3
事实,3
平均,3
花都,3
仨,3
4个小时,3
大厦,3
五点,3
，辣白菜,3
放，,3
这时候,3
就打,3
拿走,3
太TM,3
太软,3
馅儿,3
别提,3
九十分钟,3
发苦,3
于,3
一团,3
B,3
肘子，,3
11点半点,3
待,3
抽,3
800米,3
实话,3
6,3
正确,3
好几遍,3
小孩,3
32,3
甜面酱，,3
肘子肉，,3
这样子,3
四五个,3
有意思,3
17点,3
大片,3
11点30,3
保安,3
一把,3
毛。,3
想起来,3
扯,3
有点像,3
白色,3
硌,3
吼,3
，压根,3
取得,3
甚远,3
空,3
两分,3
耍,3
2分,3
用时,3
磨,3
感情,3
呕吐,3
5个,3
整块,3
10块,3
两公里,3
，，，,3
早日,3
商店,3
”。,3
处,3
140分钟,3
盒菜,3
皮蛋瘦肉粥，,3
块,3
干巴巴,3
冲着,3
应当,3
显得,3
少，,3
好心情,3
时点,3
巨少,3
改名,3
咱们,3
删除,3
╮,3
╭,3
改正,3
全素,3
交易,3
一多半,3
。祝,3
各位,3
块儿,3
，别,3
，干,3
撕开,3
附赠,3
，光,3
炖肉,3
大！,3
钱！,3
改变,3
开店,3
？！！,3
0,3
出发,3
西,3
12点18,3
回头客,3
忘送,3
大门,3
黑名单,3
上图,3
号,3
女士,3
落,3
五十,3
设计,3
恶略,3
追究,3
都一样,3
过长,3
巨慢，,3
毛，,3
狗屁,3
太油，,3
丫,3
红红,3
龟速,3
10点40,3
，拉,3
然而,3
承认,3
烦,3
最后一次点,3
tm,3
竖着,3
费用,3
半生不熟,3
下午茶,3
钟头，,3
河里,3
，尼玛,3
赖,3
12点10分,3
，足足,3
土豆。,3
半点,3
味。,3
19,3
称赞,3
心，,3
嗓子,3
四点,3
似乎,3
白水,3
浇,3
第二回,3
想不要,3
冰箱,3
累,3
漫长,3
纸盒,3
啤酒,3
11点10分,3
泡软,3
12:15,3
七块,3
红烧肉，,3
40块,3
果仁,3
蔫,3
混乱,3
哪家,3
操作,3
吃，,3
半生,3
豆腐丝,3
要命，,3
酱油，,3
就是我,3
火腿,3
补，,3
10点50,3
8点50,3
烂掉,3
12:18,3
43,3
20多,3
脑,3
这东西,3
瘪,3
设置,3
睡觉,3
挂掉,3
查询,3
九点半,3
优化,3
拒接,3
一小时后,3
水蒸气,3
滑,3
属于,3
l,3
无话可说,3
熟透,3
完饭,3
打印,3
创新,3
班,3
。袋子,3
12块,3
侧,3
退回,3
很明显,3
吓人,3
抬头,3
换来,3
一段,3
葱蒜,3
板筋,3
，麻烦,3
回锅,3
花生米,3
过于,3
身边,3
就餐,3
碰,3
今天中午,3
凉，,3
开玩笑,3
盐味,3
惊,3
各,3
煲,3
两个字,3
17,3
卤肉饭，,3
两包,3
一两,3
变味,3
楼，,3
吓,3
跳,3
忍受,3
耳朵,3
素菜,3
数,3
52,3
掐,3
打来,3
此,3
几份,3
绿豆沙,3
泪,3
今日,3
奉劝,3
张,3
下午2点,3
定餐,3
一等,3
吧唧,3
排骨饭,3
多余,3
几点,3
转到,3
偷工减料,3
她家,3
虽说,3
可怕,3
记录,3
次次,3
至尊,3
11:10,3
，派,3
就叫,3
菌菇汤,3
一餐,3
焦,3
钱？,3
培根,3
中辣，,3
三元,3
菜叶,3
蓝莓,3
二,3
碎片,3
两瓶,3
一小盒,3
点评,3
插,3
异物,3
，排骨,3
鱼，,3
，干锅,3
一道,3
。锅包肉,3
立刻,3
冰冰凉,3
毛病,3
12个,3
1份,3
三分,3
说清楚,3
气人,3
金牌,3
剁椒鸡蛋,3
一个半,3
M,3
单。,3
骂,3
咖啡杯,3
很厉害,3
美式,3
红茶,3
纸杯,3
带来,3
摩卡，,3
始终,3
熟。,3
荤菜,3
仅有,3
，糖醋里脊,3
韭菜，,3
鸡胗,3
一句话,3
乌龟,3
东南西北,3
干干,3
还不够,3
13:15,3
扁豆焖面,3
闲,3
结束,3
错餐,3
有机,3
40多,3
多，,3
！头,3
200米,3
少得,3
13点20,3
汤！,3
，坑,3
要死。,3
肠，,3
寿司,3
这块,3
蜡烛,3
鸡柳，,3
烧烤,3
柳，,3
中暑,3
一地,3
，番茄酱,3
意式,3
喊,3
双层,3
凭什么,3
做到,3
较差,3
绝,3
却说,3
填写,3
官网,3
表达,3
钟头,3
太早，,3
同事们,3
鱼块,3
参加,3
同志,3
延时,3
回头,3
蛋，,3
这儿,3
超级少,3
，退,3
很无奈,3
其余,3
，真,3
常识,3
隔夜,3
，豆芽,3
赔礼道歉,3
酸梅,3
面疙瘩,3
，鸡块,3
，泡菜汤,3
牛肉汤,3
吧？,3
烤串,3
奇,3
回答,3
随意,3
6点半,3
一个盒,3
腐竹,3
豆,3
焖,3
手上,3
讨厌,3
量！,3
韩餐,3
哪有,3
大酱,3
五花肉石锅拌饭,3
，菜汤,3
喝汤,3
步行,3
之内,3
人手,3
五花肉泡菜,3
浆,3
16,3
魏家,3
魏家凉皮,3
凉皮，,3
扯面,3
年,3
接线员,3
乡巴佬,3
卤鸡蛋,3
毛发,3
酥肉,3
，绿豆沙,3
量足，,2
大一,2
速递,2
恰到好处,2
品量,2
女友,2
夸,2
好辛苦,2
真快，,2
贼,2
满意，,2
员赞,2
饮,2
更喜欢,2
每周,2
多好,2
芋圆小丸子,2
口罩,2
x,2
大满贯,2
態度,2
，谢,2
。！！,2
进步,2
今晚,2
友情,2
这几天,2
她们,2
，不错，,2
哒哒,2
暖心,2
小伙儿,2
杯型,2
很高兴,2
安慰,2
莫名,2
饶,2
吓死,2
滴！,2
非常快，,2
多年,2
雨天,2
要知道,2
日子,2
咸淡,2
滴。,2
几颗,2
讲究,2
更给力,2
效果,2
更高,2
尽责,2
百度外卖，赞。,2
四盒,2
！？,2
黄焖鸡，,2
吉野家,2
，分量足，,2
价廉,2
物美,2
火箭,2
。送餐,2
负责人,2
飞速,2
吉野,2
软硬,2
参合,2
捡,2
俩人,2
腻，,2
什锦蘑菇,2
，鸡蛋,2
形状,2
端,2
帅气,2
多多,2
大过年,2
湘菜,2
寒冬,2
炝,2
喽,2
扫,2
牛肉味,2
发酸,2
烟,2
黑色,2
砂锅,2
10:25,2
人，,2
辣！,2
一万个,2
聪明,2
～面,2
牛杂,2
吃掉,2
酸，,2
新年,2
湖北,2
口淡,2
汤面,2
APP,2
物美价廉,2
一旦,2
果冻,2
推广,2
自送,2
碱面,2
分开装,2
1元,2
行程,2
能看到,2
犯,2
份面,2
老家,2
朴实,2
，挺好,2
不急,2
鸡米,2
松软,2
不及,2
顶着,2
略微,2
新款,2
矩。,2
中规,2
kfc,2
预想,2
吧。,2
一向,2
一百个,2
加多,2
黑胡椒,2
下雪,2
，挺,2
﹏,2
复杂,2
包装，,2
中号卷饼,2
改改,2
牛皮纸,2
吃不惯,2
家常,2
多肉,2
三义庙,2
人大,2
差一点,2
，素,2
鱼香肉丝卷饼,2
收拾,2
1.5公里,2
哈。,2
新菜,2
追加,2
查收,2
加速,2
强大,2
不错！,2
好好吃,2
，尖椒土豆丝,2
十五分钟,2
营养,2
蘑菇鸡肉,2
抱着,2
当初,2
吃好,2
味美,2
感觉到,2
喜感,2
真实,2
，问,2
5次,2
鱼香肉丝饭,2
中。,2
，果汁,2
圆,2
高大上！,2
鸡肉。。。,2
！辣白菜,2
拍照,2
大老远,2
值班,2
天使,2
硬！,2
！肉,2
底部,2
领取,2
充足,2
包裹,2
nice,2
鲜美,2
很漂亮,2
淋湿,2
穿着,2
汉子,2
嘎嘎,2
间,2
土豆牛肉，,2
西红柿炒鸡蛋,2
相互,2
！大赞,2
碰上,2
甜酱,2
低价,2
好、,2
速度快、,2
太迟,2
急急忙忙,2
肥肉块,2
片,2
严密,2
，刚,2
滴，,2
何时,2
毫不,2
知,2
等级,2
更何况,2
运气,2
犹豫,2
各方面,2
香甜,2
1块,2
哼哼,2
铝箔,2
，催单,2
11:15,2
嗯,2
南瓜粥！,2
虚,2
算上,2
丝。,2
手动,2
多来,2
胖,2
京酱肉丝，,2
加餐,2
小块,2
粥少,2
总的来说,2
大一个,2
新颖,2
首次,2
会好,2
胡椒,2
今天晚上,2
补发,2
发挥,2
略有,2
宝贝,2
超级快！,2
小腿,2
高端,2
经验,2
第二单,2
慢好,2
高量,2
～量,2
男人,2
名称,2
土豆丝卷饼！,2
地儿,2
，味儿,2
稳定,2
潜力,2
立马,2
微微,2
土豆丝。,2
，疯了,2
巨大,2
～～～～～,2
正规,2
裤子,2
有时候,2
下课,2
一百分,2
听说过,2
眼前一亮,2
"very,good",2
融化,2
3分钟,2
下餐,2
风,2
离开,2
，块,2
王老吉。,2
券,2
直线,2
送餐者,2
腌菜,2
38,2
！口感,2
卷，,2
小時,2
包裝,2
吃菜,2
舍不得,2
几回,2
慎点,2
偏高,2
呦！,2
蒜，,2
ok,2
俱全,2
六层,2
扎实,2
超实惠,2
两边,2
害,2
淡。,2
披萨，,2
，天,2
奥尔良烤翅,2
给赞,2
薯蓉,2
温温,2
萨,2
恍恍惚惚,2
很准时,2
超級,2
外賣,2
深,2
酱爆鸡丁,2
温暖,2
越来越好,2
师傅们,2
不忘,2
，祝,2
。皮,2
果真,2
两人,2
大雪,2
皮薄,2
过生日,2
评语,2
理念,2
守信,2
哥，,2
忍无可忍,2
详细,2
窝头,2
三分之二,2
自然,2
不必,2
早饭,2
快！！,2
秒,2
美中不足,2
适,2
很舒服,2
百度骑士，,2
信赖,2
中盘,2
100分,2
手工,2
小时候,2
友好,2
嗯嗯,2
青城,2
先生,2
祝福,2
17:30,2
敲,2
妥妥,2
太辛苦,2
崴,2
尽职,2
让给,2
很冷，,2
某,2
表,2
，不错,2
！！！！？？,2
个儿,2
相同,2
小牛肉,2
別,2
躺,2
类,2
使,2
硬。,2
馒头片,2
煮汤,2
顺手,2
家常土豆丝,2
和善,2
太度,2
吃货,2
好快，,2
排骨豆角,2
卷子,2
    ,2
暖暖,2
＿,2
购物,2
越来,2
越多,2
很快速,2
天津,2
爸妈,2
小雨,2
可爱,2
快。,2
来得及,2
又要,2
少些,2
太极,2
麻辣拌素,2
烙,2
黑暗,2
黄太极,2
浓郁,2
大众,2
脑，,2
很感动,2
桂圆,2
饱满,2
结实,2
火星,2
竟,2
这事,2
首要,2
而言,2
待遇,2
羊,2
，南瓜羹,2
炸蘑菇,2
，抄手,2
不喝,2
能否,2
栏,2
备,2
第一份,2
楼梯,2
送成,2
不可,2
，凉面,2
一小时二十分钟,2
大部分,2
大众点评,2
修改,2
，幸,2
调节,2
麻辣鸡丝,2
十几块,2
清新,2
跑着,2
难得,2
尽量,2
哎呀,2
新品,2
，鸡柳,2
藕盒,2
肉松煎饼,2
时间点,2
盛,2
后续,2
凉拌土豆丝,2
冷，,2
友善,2
肉汁,2
小朋友,2
五个,2
糖水,2
绕道,2
亲民,2
降低,2
，宁,2
清爽,2
足。,2
保障,2
住院,2
责任心,2
干煸四季豆,2
静音,2
鸽子,2
快捷，,2
湄洲,2
，货,2
老妈,2
人和,2
阿,2
金银,2
蜂蜜,2
一荤,2
马盏糕,2
严,2
俩个,2
小笼包，,2
油面,2
云吞,2
运输,2
，包子,2
，赞！,2
阿姨,2
糖醋小排,2
客户端,2
北菇滑鸡饭,2
特快，,2
开森,2
苹果汁，,2
，沙拉,2
年糕,2
北,2
中医,2
￣,2
爽，,2
分开放,2
牌,2
厉害,2
，晚,2
送错，,2
达到,2
摆设,2
姜，,2
家常菜,2
肉臭,2
原味奶茶,2
鸡肉饭,2
香肠！,2
鸡蛋，,2
喷,2
。鸡,2
页面,2
荤,2
，虾,2
小强,2
2盒,2
，艹,2
人性,2
行业,2
差差差,2
…面,2
肉丁,2
28块,2
卖给,2
水分,2
N次，,2
相隔,2
？明明,2
费！,2
2小时40分钟,2
两步,2
接餐,2
烂，,2
透心,2
几,2
，冰,2
杏仁,2
大米粥,2
送错！,2
错，,2
两张,2
粥盒,2
电，,2
食用,2
技术,2
东西，,2
2.5小时,2
点餐。,2
奢望,2
乱写,2
拔,2
惹,2
告,2
此家,2
体会,2
没准,2
3，,2
如下,2
百度外卖订餐，,2
！差,2
几位,2
11:04,2
岁数,2
告诉他,2
稍后,2
碰见,2
明知道,2
尼玛，,2
零星,2
里头,2
，想,2
一说,2
门卫,2
生面,2
开业,2
大街,2
上手,2
2.5元,2
苦苦,2
发脾气,2
一生,2
12点45,2
粘糊糊,2
渣子,2
11点14,2
12点14,2
放下,2
培训,2
诚恳,2
老师,2
问说,2
3样,2
店主,2
收餐,2
掂量,2
对待,2
响应,2
36,2
免费,2
交代,2
108分钟,2
18个,2
21,2
抢,2
白，,2
三星,2
，怪,2
近期,2
下午1点半,2
爆胎,2
自行车,2
娘,2
抵,2
一个一个,2
，差评！,2
中和,2
难免,2
死活,2
毛毛,2
早上9点,2
肉丝。。。,2
想起,2
二十多分钟,2
现金,2
大妈,2
楼层,2
拉稀,2
极差。,2
才会,2
还剩,2
见识,2
，鸡肉卷,2
第二天早上,2
卷饼皮,2
心眼,2
13:30,2
长达,2
伤不起,2
11点15,2
，草，,2
半成品,2
厕所,2
死，,2
肠胃,2
消化,2
腐臭味,2
别说,2
中！,2
！！！！！！！！！,2
闹,2
客观,2
噎,2
反映,2
越好,2
坑害,2
烙饼，,2
熬,2
商户,2
十点五,2
十定,2
粗鲁,2
无语。,2
…粥,2
近两小时,2
颗,2
纸上,2
鬼，,2
90多分钟,2
百度外卖客服，,2
晚上七点,2
仅供参考,2
衣服,2
持续,2
连句话,2
10多个,2
15天,2
饼干,2
香菇鸡肉卷饼,2
，服,2
堪比,2
红色,2
╯▽╰,2
恨,2
无良,2
鄙视,2
舔,2
12:40,2
11:20,2
酸臭,2
偏偏,2
送进,2
洋葱，,2
，肥,2
，真尼玛,2
无数,2
完毕,2
，订,2
书钉,2
就是为了,2
一倍,2
一模一样,2
店子,2
帽子,2
震惊,2
吞,2
尽然,2
接。,2
13点10分,2
大厨,2
欺客,2
急事,2
再选择,2
盐。,2
，非,2
几条,2
20，,2
1分,2
坑～,2
进入,2
没意思,2
漂亮,2
经理,2
了吧！,2
骂骂咧咧,2
3层,2
！！！！！！！！！！！！,2
皮，,2
，破,2
，烦,2
能说什么,2
4点50,2
免单,2
分不开,2
顺序,2
太尼玛,2
12:57,2
慢！！！,2
白搭,2
11:00,2
中饭,2
叫唤,2
四小时,2
5个小时,2
实,2
胃病,2
，带,2
泡水,2
牛逼，,2
10:50,2
引起,2
稀饭,2
撤,2
10:30,2
总算,2
十次,2
这等,2
草泥马,2
不通。,2
粑粑,2
近一个半小时,2
饥肠辘辘,2
乐意,2
，饿,2
╰,2
╯,2
二次,2
牛肉卷饼,2
事后,2
妥，,2
服務,2
餐袋,2
给出,2
面食,2
可恨,2
那头,2
12:50,2
没味儿,2
外加,2
写在,2
送错餐,2
快点，,2
头晕,2
皮蛋粥，,2
六点,2
侮辱,2
罐子,2
平台,2
困难,2
变质,2
对比,2
相信,2
不用心,2
28,2
收下,2
地沟油,2
八十多分钟,2
勒,2
觉,2
吃腻,2
定价,2
4份,2
田园,2
无法忍受,2
这么难,2
鼻子,2
眼神,2
，失望。,2
几样,2
儿时,2
有空,2
一套,2
请客,2
馋嘴蛙,2
姜片,2
放了,2
结算,2
差评！,2
送货上门,2
宁愿,2
配错,2
渠道,2
领,2
洗净,2
！真,2
土豆，,2
扁,2
再加上,2
说法,2
扯淡,2
服务业,2
8个,2
界面,2
语音,2
微信,2
总得,2
。煎饼,2
。服,2
湿透,2
。凉面,2
环节,2
这两样,2
颠簸,2
伴,2
长长,2
原,2
耗时,2
。送,2
参考,2
15点,2
二小时,2
？？？？？,2
。豆腐,2
牛筋,2
看错,2
避开,2
心想,2
一贯,2
外卖，,2
三根,2
鬼,2
反倒,2
好奇怪,2
舒服,2
酸辣土豆丝，,2
？？？！！,2
10.30下,2
太难吃，,2
屏蔽,2
坚决,2
麻痹,2
忠实,2
泡饼,2
，酸,2
中关村,2
名气,2
完单,2
一大块,2
大雨天,2
五分之一,2
溢,2
既,2
加盐,2
喝水,2
脑残,2
39分钟,2
水份,2
下架,2
生姜,2
跪,2
发飙,2
铁丝,2
红豆粥,2
一回,2
木须,2
不断,2
肉。,2
肝,2
尖,2
不咸,2
旁边,2
前天,2
羊排,2
三厘米,2
绝不会,2
为难,2
名誉,2
应有,2
，顶,2
好些,2
呵呵，,2
，毛血旺,2
偷懒,2
酒店,2
无味,2
拜,2
生菜，,2
包盒,2
白白,2
驼,2
辣酱面,2
丢,2
7,2
这一家,2
13分钟,2
味儿，,2
等不到,2
送回,2
82分钟,2
不确定,2
静,2
18点,2
赢,2
心烦,2
证明,2
说谎,2
电脑,2
量。,2
，花生米,2
，头一次,2
面块,2
一遍遍,2
海藻,2
有味,2
二冬,2
焦溜,2
15块,2
实事求是,2
3星,2
看不懂,2
忌口,2
捞,2
烂菜,2
用水,2
4寸,2
手掌,2
催餐,2
看出,2
方法,2
么，,2
那里,2
差！,2
料带,2
黄，,2
，披萨饼,2
，气,2
减少,2
自从,2
一次两次,2
吵,2
识字,2
1次,2
上班族,2
俺,2
提拉米苏,2
扣款,2
方式,2
钱包,2
取出,2
餐不错，,2
洋葱。,2
最久,2
十多次,2
17:15,2
雪碧,2
下文,2
鸡翅，,2
劣质,2
四,2
。差,2
责。,2
眼,2
结,2
30，,2
抖,2
谷，,2
这事儿,2
歪,2
答,2
吃完饭,2
，咖喱,2
周六,2
计较,2
可见,2
艹,2
，囧,2
饭挺,2
！宫保鸡丁,2
45，,2
翅,2
餐车,2
鸭脖,2
一问三不知,2
百叶,2
睡,2
黑点,2
火候,2
油豆皮,2
毛肚,2
一站地,2
西瓜,2
眼睛,2
面，,2
，西兰花,2
标志,2
土豆粉，,2
做不到,2
调,2
千叶豆腐,2
很多人,2
鱼丸,2
勾芡,2
核实,2
姑娘,2
对此,2
小姑娘,2
皮蛋豆腐,2
太短,2
酱炒蛋,2
东北菜,2
挨着,2
膻味,2
金手勺,2
醋味,2
，闻,2
地三鲜,2
糖醋里脊,2
黑，,2
般,2
三鲜,2
酱菜,2
踢,2
厨房,2
16元,2
无味，,2
零分,2
三十多,2
煎饺,2
拉皮,2
三分钟,2
茴香猪肉，,2
葫芦,2
那个人,2
三鲜，,2
如,2
苦瓜，,2
容量,2
SB，,2
一步,2
多远,2
巨差,2
大热天,2
很糟糕,2
骚扰,2
菜感觉,2
酸辣土豆丝,2
，酸汤,2
腐竹烧肉,2
猪肝,2
没订,2
第一，,2
甚,2
？菜,2
蔬,2
说话说,2
三十,2
鸡汤,2
存在,2
鸭饼,2
这道,2
？！！！,2
特殊,2
四片,2
翅膀,2
鸡肉，,2
上去,2
武昌鱼,2
小葱,2
，锅包肉,2
，清汤寡水,2
七八个,2
先后,2
真差,2
理睬,2
性质,2
取货,2
张嘴,2
奶泡,2
瞎话,2
疑似,2
！摩卡,2
很郁闷,2
大半杯,2
11点40,2
8分钟,2
星冰乐，,2
一个小时四十多分钟,2
"""",2
说快,2
站地,2
大圈,2
抹茶,2
晃,2
搞清楚,2
就让,2
耗费,2
无效,2
热巧,2
能发,2
消費者,2
欺騙,2
你們,2
拿放,2
時候,2
12:21,2
告诉说,2
很长时间,2
回话,2
三颗,2
别人家,2
不要点,2
除非,2
咖喱饭,2
12:06,2
土,2
十多分钟,2
声,2
一个半钟,2
说饭,2
10多分钟,2
极度,2
扮,2
，海带,2
多数,2
胃里,2
中午十一点,2
反,2
八,2
差。,2
糟，,2
软化,2
板,2
第四次,2
推卸责任,2
程，,2
医院,2
下午3点,2
虾饺,2
最差劲,2
，豆角,2
19点,2
清点,2
呼呼,2
西红柿炖牛腩,2
并不,2
19元,2
命,2
糟心,2
规定,2
需谨慎,2
事故,2
暂且,2
窝火,2
够呛,2
小杯,2
差劲！,2
卸载,2
太不靠谱,2
摇,2
稀释,2
不需要,2
一半儿,2
脱脂奶,2
，蛋糕,2
冰！,2
包肉,2
面粉,2
溜肉段,2
圆白菜,2
三个字,2
，鸡,2
小鸡炖蘑菇,2
锅肉,2
四十多块,2
铺,2
想来,2
92分钟,2
少辣,2
盐，,2
诚心,2
归,2
掩盖,2
4次,2
桶,2
狮子头，,2
描述,2
，肠,2
給,2
芥末,2
38元,2
酸豆角,2
蒜苔,2
酸豆角肉末,2
？？？？？？,2
1两,2
蚊子,2
四点半,2
58元,2
，不知道,2
角料,2
馆子,2
月,2
透湿,2
辗转,2
牙缝,2
汉堡，,2
透明,2
兑,2
门铃,2
冰，,2
︿,2
︶,2
13:10,2
以下,2
单层,2
！汉堡,2
消费,2
50元,2
48,2
未果,2
太差！！！,2
傻眼,2
职业,2
写上,2
生生,2
原本,2
11:38,2
40分,2
螺丝,2
牙签,2
史无前例,2
小包,2
乱,2
代替,2
，呵呵,2
调度,2
普遍,2
换餐,2
鳕鱼，,2
，丽华,2
能带,2
是非,2
，极差,2
黑椒牛柳,2
73分钟,2
55,2
12点51,2
妈蛋,2
山寨,2
说不过去,2
谈,2
面子,2
量，,2
前者,2
高度,2
儿童餐,2
有点差,2
吃饱。,2
女孩子,2
厚道,2
牌子,2
菜色,2
不快,2
，女,2
跟着,2
小黄鱼,2
重做,2
咸！,2
一段时间,2
36块,2
，特,2
沫,2
小虫子,2
……点,2
理想,2
重视,2
水煮牛肉，,2
西葫芦,2
偶然,2
挂面,2
保鲜膜,2
人才,2
煲仔饭,2
提起来,2
嚷嚷,2
限制,2
水。,2
买好,2
酱牛肉,2
水瓶,2
屁股,2
清河,2
，装,2
买东西,2
粗心,2
认为,2
素三鲜,2
，倒,2
教育,2
吸引,2
欠缺,2
半亩园,2
错字,2
胡说,2
桔梗,2
双面,2
，钱,2
辣白菜,2
天理,2
汤撒,2
石锅饭,2
妥,2
推脱,2
汤勺,2
店方,2
赶往,2
，芝士,2
其,2
不接单,2
感到,2
没劲,2
辣牛肉,2
泡菜炒饭，,2
罐装,2
速冻,2
炸鸡，,2
冰淇淋,2
一两次,2
逃避,2
没味！,2
搁,2
，扁豆丝,2
22,2
撒谎,2
5份,2
数。,2
心。,2
求,2
拖,2
蛏子,2
露,2
补贴,2
刮,2
一串,2
集体,2
一公里,2
。（,2
岂,2
”！,2
口气,2
色素,2
饭！,2
面筋,2
6个,2
就问,2
双皮奶,2
1小时45分钟,2
永不再来,2
词,2
补给,2
134分钟,2
籽,2
果粒,2
口子,2
夏日,2
信心,2
油乎乎,2
巨慢,2
，炒菜,2
几把,2
大事,2
34,2
不咋地,2
人理,2
人造,2
守时，,2
气愤,2
搓,2
正一味，,2
不正,2
豆芽菜,2
乌冬面,2
兜,2
慢，饭,2
五花肉拌饭,2
！饭,2
等不起,2
low,2
韩式,2
得罪,2
远，,2
职业道德,2
蕨菜,2
离谱,2
作,2
打完,2
做不起,2
老娘,2
汤盒,2
接错,2
团,2
单元,2
mini,2
一味,2
煞笔,2
时侯,2
嚷,2
大人,2
两个样,2
排,2
关于,2
不足以,2
11:52,2
精,2
唯独,2
11:26,2
蟹肉,2
芝士，,2
下午三点,2
玉林,2
折扣,2
47,2
，单,2
遍,2
，冷面,2
嘭嘭,2
囧,2
中午1点,2
糠,2
烤翅,2
黄色,2
半只,2
事，,2
脖子,2
肝尖,2
少不,2
。红烧肉,2
走人,2
12:10,2
久久鸭,2
麻辣,2
红花生,2
黄飞,2
鸭翅,2
20点,2
勾魂,2
泡馍,2
放大镜,2
脱,2
春卷,2
车子,2
西安,2
42,2
不退,2
最低,2
真特,2
，呵呵。,2
干锅茶树菇,2
忍住,2
付钱,2
宫保鸡,2
慢一点,2
44,2
迟早,2
10点20,2
自,2
忽略,2
时长,2
一大堆,2
送来面,2
小鱼府,2
搞不懂,2
老是,2
，烤肠,2
废墟,2
辣椒粉,2
办工,2
梅菜扣肉，,2
6次,2
番茄米线，,2
烤肠。,2
秘书,2
蒜苗,2
不写,2
老子,2
四喜丸子,2
更是,2
溢出,2
北科,2
错过,2
呵,2
番茄贡丸豆花米线,2
零分差评！！！,2
种菜,2
广味烤肠,2
走下坡路,2
小俞府,2
一度,2
规划,2
鸭肠,2
绿豆沙，,2
格外,1
手抖,1
，微辣,1
天气骑士们,1
，量特大，,1
香锅，,1
好极啦,1
。棒,1
五个人,1
7个,1
，不开玩笑,1
太麻,1
太多次,1
表现出,1
！赞！水煮牛肉,1
投奔,1
爬楼梯,1
菜场,1
，量多,1
异味儿,1
锅底,1
墨鱼丸,1
平菇,1
仔,1
腔骨,1
尖椒，,1
尖椒豆腐皮,1
大海椒，,1
好快,1
，菜品物美价廉～～～,1
菜份,1
空心,1
迷恋,1
金桔柠檬茶,1
布丁奶茶,1
漏。，，，，,1
，快递给力。,1
快！奶茶,1
天真不容易,1
好，大冷,1
曲奇奶茶,1
茶类,1
好几年,1
太好了,1
很好啦,1
！不错,1
大满贯奶茶！超大杯！,1
亲和,1
十万个,1
，棒棒哒，开心～,1
百度外卖买快乐柠檬家奶茶，,1
快，奶茶,1
晚上9点,1
盐岩芝士,1
小子,1
元旦节,1
养乐,1
，棒棒哒～,1
冰沙,1
百度外卖，真心赞！,1
对不住,1
！天冷,1
发给,1
出款,1
岩岩,1
可可，,1
浓情,1
，中杯,1
隔三差五儿,1
冰冻,1
榨,1
柠檬绿,1
一周,1
破损,1
客气辛苦,1
醒脑,1
提神,1
红豆,1
无糖，,1
作死,1
。奶茶,1
控,1
！奶茶味道棒，,1
赞不绝口,1
，今儿,1
陈骑士,1
好，真,1
红豆布丁奶茶,1
。烤,1
手滑,1
早十分钟,1
，大雪天,1
。送餐员特,1
！…………,1
好…,1
！意外惊喜！,1
礼品,1
热心,1
吸,1
。。速度快。。。,1
奶茶。。。,1
超快！！,1
。人,1
钥匙,1
。。。奶茶,1
长得帅,1
撒，,1
超给力,1
捎,1
有效率,1
最大,1
大半个,1
圈,1
 很 凉,1
 来 ,1
 不 错 ,1
 但 味 道 还 ,1
弹珠,1
珍珠奶茶,1
呦！饮料,1
常好,1
足不出户,1
清凉，,1
少年很可爱—v—,1
快、,1
呦，,1
灵活,1
冰爽,1
曲奇,1
，大爱可可小丸子,1
撒！,1
快乐柠檬,1
辣子鸡,1
，江山城,1
哈！超级赞，,1
～江山城,1
真好吃,1
必应,1
有求,1
爽快,1
。千叶豆腐,1
高效,1
，私房豆腐,1
，烤鸭,1
很多年,1
拔丝,1
百度骑士！,1
菜，宫保鸡丁、鱼香肉丝、酱茄子、,1
酸辣土豆丝，土豆丝,1
知足,1
辣度,1
荷兰豆，,1
真棒,1
zz,1
，跟鞋,1
排骨鸡,1
da,1
女朋友,1
囗！,1
鸡汤咸死，,1
，排骨饭,1
好好好好,1
一家一个,1
配送给力,1
好，大冷天,1
饭饭,1
川,1
周到。,1
还好量大,1
速溶咖啡,1
少见,1
，香干回锅肉,1
每份,1
减时,1
coffee,1
黄焖鸡～,1
小店,1
入口,1
赞，大,1
五星！,1
王昭晖,1
郭师傅,1
速冲咖啡。,1
百度外卖速度快，,1
妹纸,1
食量,1
…。,1
！棒棒哒！,1
好可爱,1
好帅,1
，肥牛,1
无意中,1
、白度,1
饭品,1
色拉,1
双手,1
优谷,1
军姿,1
口香,1
正式,1
，菜色，,1
，足足足！,1
墨镜,1
非常棒，,1
空运,1
超酷,1
好事,1
体贴,1
关照,1
元旦,1
美味！刀功细，菜,1
快快,1
，下饭,1
米豆腐,1
刀,1
，端,1
，包菜,1
大肠,1
当地,1
湖南人,1
菜油,1
擂椒荷包蛋,1
。派,1
真快！,1
光光,1
味佳,1
紫苏黄瓜油,1
。烧椒皮蛋醋,1
菜名,1
莴笋,1
湖南菜,1
腊牛肉,1
风！骑士,1
10:45,1
哈、,1
襄阳,1
肉末酸豆角，,1
。。鹌鹑皮蛋,1
好怪,1
特快,1
温暖，,1
秒速,1
严寒天，快递哥,1
快，味道好，，，，，,1
，热干面,1
热干面，,1
不错，焖面,1
佳。,1
花生米菠菜，花生,1
巨快！,1
！热腾腾，,1
好香,1
听闻,1
葱花,1
雪,1
餐，比,1
那么好，,1
送清,1
，好评！,1
口香糖,1
台,1
太便,1
超快，好评，好评，,1
别无所求,1
！海,1
好快！,1
每家,1
想念,1
速度快………………,1
米酒,1
百度在线支付,1
无所谓了,1
。辣,1
真香，,1
tuo，,1
行踪,1
低级,1
勿,1
满星评价，,1
粉儿,1
辛苦了，味道不错，比想象的还要好呢！速度巨快！,1
，好！,1
牛杂面,1
7，,1
！？？？？？？？,1
，好闲！,1
，豆干,1
手法,1
酒酿,1
酒酿蛋花。。。,1
生疏,1
天儿,1
除此以外,1
猪肉堡,1
酱流,1
阿邦,1
太狠,1
，方便乐,1
一_一|,1
10分钟之内,1
。真快！,1
！赞！！！！,1
圣代,1
腌,1
吮指原味鸡盒，,1
快……,1
有点火,1
飞快,1
……皮蛋粥,1
错肉,1
肉丝……肥,1
，味道赞赞哒,1
散去,1
香菇味,1
久久,1
萦绕,1
盛宴,1
，肉食,1
这买,1
超级香，,1
肚饿,1
调和,1
一定要记得,1
瓷实！,1
有益,1
瘦肉。,1
哈～,1
滑！,1
！小心路,1
大肉卷,1
好难过,1
压力,1
快餐店,1
夹料,1
紫菜包饭，饼皮很筋斗，香菇,1
抱歉，,1
，油,1
香香哒粥～～～,1
暖暖哒～～～美味哒卷卷～～～,1
饭～～～,1
美味哒菜,1
～酱香鸡腿肉卷饼,1
吃饱～,1
自信,1
。赞赞赞,1
，肉特多，,1
务必,1
3」,1
看多,1
叶良晨,1
一枚,1
幼稚,1
肉多饼,1
拼图,1
有点点,1
言,1
1个小时40分钟,1
超慢,1
。！！！！,1
纯肉,1
中小,1
超级美味！,1
、卷饼菜少、,1
养成,1
魚香,1
面粘牙，粥,1
很便宜,1
组合，,1
韧性,1
写成,1
10几分,1
误解,1
皮蛋瘦肉粥么？！,1
不要辣,1
熏肉，,1
青椒、香菇、豆芽、洋葱、土豆丝。,1
一个袋,1
小辣，,1
拿出去,1
试试看,1
白粥。。。,1
土豆卷,1
快，卷饼,1
猪肘卷饼,1
，香菇,1
12点11点17,1
！大爱！,1
速度快！,1
！速度快！,1
采纳,1
有心意，,1
比嘉,1
酷,1
高级,1
评价外卖，,1
，大爱  ,1
提味,1
？，,1
。。。。真棒,1
！！饭,1
文艺范,1
达达,1
那么棒,1
淡一点,1
早早,1
还不错，，，,1
！拌饭,1
辣。,1
做大,1
顶饱,1
卷卷,1
早近一个小时,1
好漂亮,1
文艺,1
领导,1
略带,1
加班,1
蛋疼,1
就是说,1
尖椒呢，,1
停不下来,1
，味,1
，腻,1
鸡腿卷。,1
，肉少。,1
大火,1
饱，不错,1
土豆尖椒卷饼,1
这么远,1
！威,1
武！,1
配点儿,1
，棒棒哒！,1
味道棒,1
乌龙,1
交给,1
未来一个月,1
同在,1
不错～特别皮蛋瘦肉粥,1
。。哈哈。。粥,1
～凉拌,1
真足，,1
很好吃，,1
还早，,1
男朋友,1
地儿，,1
，卷饼卷,1
好吃，,1
次！,1
！卫生！周到！,1
见方,1
20cm,1
我以为我,1
那句话,1
餐师父,1
京,1
一如继,1
往地,1
我一个人,1
傅帅,1
赛晓明超霆锋,1
餐师,1
，棒棒达。,1
，赞。,1
还不错，鱼香肉丝,1
麦香！味道棒棒滴！,1
非常好量,1
足都,1
下巴,1
传递,1
集中,1
青春,1
年轻人,1
，中号,1
，大卷饼！,1
有点晚,1
要疯了,1
纯素蔬菜卷，,1
卷饼。,1
手抓饼，,1
好足,1
不太饱。。。。,1
便宜点,1
晕。,1
二次消费，哈哈！,1
亟待,1
！包装严实，,1
额，卷饼,1
喇破,1
流血,1
正能量饼,1
拜拜…,1
[,1
雨衣,1
怨言,1
供参考,1
加班饭，,1
给力，,1
毛驴,1
，神,1
下次别让,1
老人家,1
！给力！,1
吹风,1
致敬,1
高度评价！,1
错。。,1
停机,1
软点,1
慢！卷饼,1
股豆香味。,1
切成,1
太吊，秒,1
下班点,1
！神速！,1
周日,1
方,1
订上,1
v,1
…尖椒,1
咯牙…,1
多味美,1
包住,1
人民,1
共同富裕,1
疲倦,1
受贿,1
代表,1
好吃懒做,1
恶极,1
悬殊,1
各行各业,1
情。,1
国家,1
贪污,1
真相,1
高位,1
社会,1
穷凶,1
位居,1
底层,1
早吃,1
呢！真郁闷！,1
，汗,1
慢点儿,1
酱……,1
错峰,1
简,1
周到！,1
赌,1
侥幸,1
成分,1
真尼玛辣,1
不许,1
好又,1
经济,1
25,1
不如上,1
情有可原,1
锡纸卷,1
袖珍,1
外婆家卷饼,1
肘子肉卷饼,1
最赞,1
肯,1
很好好强大,1
结论,1
牛肉，鸡肉,1
微甜，,1
门外,1
北医校门,1
成本高,1
超快。,1
可能量,1
，盖饭,1
！肉多！实在！牛肉豆芽蘑菇洋葱,1
文质彬彬,1
赌气,1
肘子卷饼青椒,1
香菇鸡肉盖饭,1
差点儿,1
吧。饼,1
55分钟,1
家常饭,1
，八宝菜,1
咸菜。。。,1
超快送餐！,1
NextDay,1
：“浮生若梦，恋恋风尘,1
端午快乐！,1
一日,1
30多一个,1
高大,1
配备,1
………………,1
不锈钢,1
劲，,1
10000000000000个,1
，然,1
中午下午,1
11.30,1
，棒棒哒，满意。,1
朋友圈,1
综合,1
辣椒。,1
成油,1
10点15,1
～卷饼,1
神速！！！,1
，赞赞,1
下午4点半,1
更瘦,1
，荤素,1
一滴,1
瘦肉吧！,1
苦汁,1
，速度快，菜量足，,1
过量,1
一个卷,1
厚面烙饼,1
地形,1
琢磨,1
蒜泥,1
肘子量,1
鱼香肉丝卷,1
第四天,1
很复杂,1
小茬,1
π,1
洋气,1
蘑菇。,1
值，,1
第一家,1
量足味儿美！,1
阿。,1
发达,1
汤品,1
不错。,1
肘子卷饼肉,1
重不够,1
想吃饱,1
很给力,1
叶子菜,1
蔬菜牛肉卷,1
土豆条，牛肉,1
，包装,1
方向感,1
天。。。,1
艾玛,1
，土豆卷,1
酱香卷,1
略干,1
卷瓶,1
30分,1
香菇肉丝～～～～～凉拌木耳味道不错～～～,1
B格,1
更好吃,1
，飞,1
四秒钟,1
好早就,1
说后,1
俗,1
粥吧，,1
好玩,1
高大上，,1
包装好，味道好，很满意。,1
鸡腿肉卷饼肉,1
2、,1
尖椒呢。。。,1
、尖椒土豆丝，,1
吃惊,1
补单,1
中型,1
，挺值,1
～！,1
铝纸,1
腥，饼,1
，EMS,1
！包装！,1
。。。，,1
剥,1
八宝茶,1
肉，估计,1
好，味道不错，,1
口，,1
门门,1
品。,1
，飘香,1
标记,1
油TAT皮蛋瘦肉粥,1
nice，好评！,1
淡～,1
不快，鱼香肉丝,1
哒，肘子好香，青椒,1
超级实惠，,1
！尖椒土豆丝,1
土豆肉丝卷，口感偏硬，,1
逼格,1
附送,1
肘子卷饼，肥肉,1
相比较,1
上市,1
！第三，,1
辣辣辣！,1
沉醉,1
high,1
碎步,1
第1，,1
迟吧？,1
一阵风,1
辣点,1
！餐哥,1
迈,1
客气…,1
风一样,1
物,1
，希望素,1
这个价,1
还不错！,1
二十元,1
王老吉呢？,1
干、,1
南瓜粥一般般，卷饼,1
，在线支付,1
大～,1
，装餐,1
障碍物,1
辛勤,1
鱼香,1
牛肉蔬菜拌饭,1
宇宙饼,1
牛肉丝,1
中份卷饼,1
百度外卖合适。,1
相对而言,1
，，豆芽,1
好，肉多！,1
提点,1
王老吉饮料,1
腿味,1
，物美价廉！！,1
汤儿,1
粗壮,1
不错。继续努力。,1
真的不錯,1
不過,1
貼心,1
卷餅,1
一兩點,1
起來,1
《,1
大卷,1
好实在,1
差错,1
～卷儿,1
，爱宇宙卷饼,1
鸡腿卷饼，,1
沙尘暴,1
，幸苦,1
呢，,1
王老吉…太晚点餐,1
，实惠,1
必将,1
售后服务,1
单由,1
，饼皮,1
南瓜粥。卷饼,1
好呲，,1
洋葱味。,1
！纯素蔬菜卷,1
！耶！,1
高大上，餐,1
太饱,1
加薪,1
这下,1
看得出来,1
，力,1
荐,1
快～～,1
淡点,1
肉，卧槽！,1
酱香鸡腿卷,1
足。。。,1
快。。。卷饼,1
京酱肉丝卷饼,1
太过分,1
京酱肉丝卷，飘香肘子卷肉,1
，土豆肉丝卷,1
中份大小，,1
大份,1
极力,1
相当于,1
名号,1
符合,1
？京酱肉丝,1
粮食,1
摄入,1
绿叶蔬菜,1
土豆丝。。。,1
上心。,1
减去,1
，敬业！,1
好，辛苦！,1
爬上来,1
冲淡,1
很大气,1
法,1
油腻感,1
！粥,1
四川,1
萌,1
。。卷饼,1
整洁,1
挽救,1
速（,1
员神,1
低于,1
价值,1
肘子卷饼，味道很赞，,1
货真,1
订送,1
驴肉火烧,1
尝一尝,1
和平时差不多,1
肉虫,1
美观。,1
常定,1
菠萝派,1
。pizza,1
薯格,1
杏鲍菇,1
马铃薯,1
挚爱,1
，密,1
够足,1
老。,1
一万,1
奥尔良第二，蒜香,1
料。鸡翅,1
着重,1
小度骑士，,1
何厚铧,1
服务棒,1
，培根,1
美式密肉,1
鲜榨果汁！,1
、料,1
香培根,1
還要,1
這家,1
啦啦,1
较高,1
几天点,1
金枪鱼焗饭,1
，热气腾腾，,1
！冰花,1
出台,1
排骨不错，丸子,1
图快～,1
豆豉鲮鱼油麦菜,1
好给力,1
百度外卖会,1
愉快。,1
！菜品,1
饺汤,1
，饺子馅大皮薄，,1
，超棒，,1
炸土豆丝,1
结账,1
尖椒豆皮,1
肉末茄子,1
过来餐,1
蒜苗肉丝,1
干炸丸子，,1
饺子馅,1
，素三鲜馅,1
量挺,1
表现,1
一丝一毫,1
评价，真心赞，,1
好，赞赞,1
四不四,1
逾时,1
冬至,1
离家一站,1
第二名,1
榜,1
，恭喜恭喜，,1
排列,1
经营,1
美食，,1
西红柿豆腐,1
接着,1
锅仔鸡蛋豆腐,1
标志性,1
建筑,1
天头,1
几环,1
，赞赞赞,1
，帖,1
酒,1
家常风味,1
，累,1
饺子，赞，,1
动，,1
可口！,1
鲜，,1
，陷大，,1
舒,1
丰满,1
。宫爆鸡丁,1
热呼呼,1
超棒！！,1
～赞\,1
！派送员,1
张骑士,1
守时,1
两三个小时,1
，棒棒哒，,1
神速～,1
缘由,1
碎。,1
最爱枣花酥，,1
快！好评！,1
质量好,1
人士,1
馋,1
啦，,1
送货神速，多谢吕,1
，稻香村,1
神速！,1
。！！！,1
赞，萌萌哒，送货巨快！,1
超级快，超级快！！！,1
，哈哈哈哈，,1
枉费,1
甜味儿,1
千层蛋糕，,1
迫不及待,1
不能怕,1
甜度,1
紫薯块，,1
阿佛,1
！瓶,1
博大,1
有趣,1
包含,1
护封,1
书籍,1
美丽,1
安娜,1
细腻,1
汁儿,1
很好赞,1
酸辣汤～,1
。口味重！,1
。鸡块,1
严寒,1
盐味…………,1
扬州,1
回多,1
超级棒！超级棒！,1
羊杂汤,1
绰绰有余,1
鸡，,1
五星级,1
孜然羊肉超赞！花卷,1
哈哈。,1
40个,1
斗,1
要买,1
辣椒油，,1
笑容,1
风驰电掣,1
，外卖,1
操蛋,1
鱼香肉丝盖饭,1
。。干煸豆角,1
对来,1
两顿,1
！干煸豆角,1
！牛肉烧卖,1
堂食。,1
认准,1
青城～,1
老店,1
如今,1
娃,1
面善,1
！饭食用料,1
暖,1
。份,1
酸辣汤,1
城,1
，酱油炒饭,1
足。青,1
不差！,1
四个人,1
，原味鸡翅,1
真心快,1
一发,1
定披萨，,1
周到贴心～,1
饼皮,1
翻热,1
亚运村,1
烤制,1
麻辣教父,1
QAQ,1
醬撒,1
神速啊！餐,1
凉，薯条,1
过火,1
送花,1
无差,1
保暖,1
好，速度快。,1
快赞,1
，骑士给力！,1
问路,1
定位,1
客气，,1
送餐员给力，披萨,1
比萨，,1
瓶子,1
夏豪杰,1
微笑,1
牛排,1
，手指,1
草莓甜饼,1
，奶酪棒,1
熔化,1
售完,1
大一点,1
闻名,1
走点硬，,1
事项,1
略长，,1
！沙拉量,1
随身,1
寒风,1
外出没,1
赶回家,1
太速度,1
七岁,1
在床上,1
大打折扣,1
三十二个,1
辛苦外送员,1
想想要,1
作罢,1
20张,1
恐惧,1
幸苦，,1
。馅饼,1
时餐,1
重吧。,1
，什锦炒饭,1
，素炒饼,1
，醋溜木须油,1
烤焦,1
烤尖椒,1
原材料,1
！！！招牌菜醋溜木须！！！,1
。大爱醋溜木须！！！！牛肉馅饼太赞啦！！！！,1
日本豆腐,1
满满当当,1
快，阿田大虾,1
谢谢师傅，非常准时，态度超级好，绝对好评！,1
滚烫,1
萝卜片，,1
百度骑士，大冷天，,1
阿田，,1
炸干。,1
人挺好,1
身体健康,1
2016年,1
顺利,1
原汁,1
分离,1
红萝卜,1
牛蛙，鱼香肉丝,1
美美,1
不错，速度快，,1
超级棒,1
手撕包菜肉,1
榄菜,1
小骑士,1
底，,1
干锅,1
焦香,1
第N次,1
清单,1
来人,1
，炒合菜,1
跑跑,1
送单快，,1
干锅花菜。炸馒头片,1
。宫,1
保,1
      ,1
づ,1
，大虾,1
搬,1
两箱,1
完美无瑕,1
不错，很香，,1
不够了,1
便捷,1
萌萌哒,1
孙师傅,1
小龙虾,1
阿田大虾,1
削,1
多谢,1
昨晚十点半,1
吃速度,1
几年前,1
兴隆,1
小兄弟,1
时面,1
排骨豆角粘卷子排骨特,1
河虾,1
撒匀。,1
，土豆牛腩,1
超乎想象,1
！排骨,1
灌肠,1
排骨面,1
卤煮,1
热饭菜，感谢～,1
，冷天,1
亲切,1
味口,1
很准,1
手抓饼,1
死掉,1
棒棒棒！速度快快快。,1
牛肉烧烤饭，,1
逢年过节,1
快、好、,1
点吧。,1
日后,1
样样,1
江,1
老炮,1
，怏,1
五分五分,1
！骑士,1
属,1
带回,1
小肚,1
为人,1
善，,1
哟，,1
很开心,1
今后,1
门牌,1
稻香,1
村,1
哎哟,1
方便，,1
，多谢！,1
超好,1
帅哥,1
，包,1
礼盒,1
8月16号,1
屯,1
1个月,1
很礼貌,1
，大赞。,1
很完好,1
书！,1
两本,1
牛舌饼,1
很诚恳,1
，有效率。,1
很好次,1
布丁蛋糕,1
大熱天，,1
師傅,1
40.05元,1
！郁闷,1
59.9,1
很规,1
！包,1
早，,1
煎饼，豆浆,1
大哥，,1
久闻,1
温柔,1
美极,1
组合,1
，皇,1
！赞赞赞！,1
！太久,1
一款,1
惊艳,1
29,1
点卷类,1
夜晚,1
一件,1
雨夹雪,1
即时,1
留下,1
粉丝卷！豆浆,1
！！   ,1
普洱,1
订到,1
凉面很赞！,1
省事，,1
第不,1
巨无霸,1
肥肉。,1
喷火,1
伤人,1
十一点五十到十二点,1
！煎饼,1
期望值,1
吃香。,1
团购,1
素材,1
。速度快。,1
薄脆煎饼味道好。豆浆,1
辣椒酱……,1
拉面煎饼,1
皇家,1
唔，,1
小炒肉卷饼,1
！…,1
！！！鸡肉,1
包括,1
豆浆橙汁,1
大雨，,1
温热,1
，煎饼豆浆豆腐脑,1
煎饼飘香。,1
粒,1
28。,1
暴雨,1
葡萄粒,1
大粒,1
。抄手,1
够味，,1
解渴,1
咸。豆腐脑很赞！很实，卤汁,1
。椒盐双菇,1
醋包，辣椒神马,1
大吃,1
得现,1
↖,1
↗,1
爱上,1
宇航员,1
记住,1
！不得,1
点餐留言,1
旁观者,1
地球人,1
万万,1
薅,1
秃,1
，干净，包装绝对一流，好，，,1
，满意，,1
俱佳,1
热气腾腾,1
舒缓,1
18一份,1
比起,1
时刻,1
奇迹,1
存,1
巍巍,1
豆浆？,1
颤颤,1
激动,1
饿冒,1
忍着,1
见证,1
随时,1
危险,1
摆摆样子呢，,1
评得,1
！买买买！,1
词穷,1
面、料、菜、汤，,1
足味儿,1
卤淀粉,1
…饿shi,1
打黄,1
早一点,1
赚到,1
糊状,1
尾端,1
，吉,1
耐！,1
除湿,1
多喝,1
脑淡,1
皇太吉,1
及第好吃，,1
快俩小时。,1
耳闻,1
黄太急,1
30到50分钟,1
回味无穷,1
南瓜羹。,1
50多块,1
29块,1
老北京人,1
酱味,1
酸梅汤,1
亲子,1
匹配,1
恩还不错，,1
，煎饼果子,1
龙抄手,1
果醋,1
端午节,1
速度快点,1
融科望京苦,1
SOH,1
走错路,1
果盘,1
，超爱,1
南瓜羹，,1
有创意,1
，肉松,1
尽,1
职。,1
单人,1
蓬点,1
沙拉酱。,1
煎饼真唑实，,1
hao,1
过后,1
久仰,1
；卷饼,1
不錯,1
過,1
煎餅,1
，油条煎饼,1
顶顶,1
～肉松,1
，猪蹄,1
黄太吉～,1
会员卡,1
风味,1
好快！！！,1
可圈可点,1
炸藕盒,1
掌握,1
涼麵,1
，五星好评，点个赞。,1
，土豆丝卷,1
东东,1
保存,1
胶带,1
呦,1
，耦盒,1
，藕盒,1
煎饼果子，,1
四根,1
，红豆薏米粥,1
家点,1
好棒！,1
，赞，,1
好客气,1
，味道正，量足，,1
快菜,1
可口。,1
地三鲜油,1
定点,1
加班餐,1
神速！粥,1
超预期,1
，。送餐准时！！！,1
到家一会儿,1
奇快,1
，疙瘩,1
酱肉酱包,1
近两三个月,1
来这里,1
敏感,1
贵在,1
有心能,1
日久,1
天长,1
品,1
愿,1
一类,1
，大拌菜拌苦菊,1
，胃,1
吾,1
精品,1
宮爆鸡丁,1
速度快快快，,1
赵小哥,1
梅州东坡,1
真方便,1
离谱……,1
炒饭油，咸，鸡丁,1
堂食多。,1
好送货快，,1
！名,1
久等,1
有点家,1
好极了好极了好极了……,1
凉拌山竹笋,1
坛坛东坡,1
不干,1
梅州东,1
坡棒棒,1
不错，不错，,1
，送货,1
度快，。,1
风，,1
五颗,1
二话没,1
川式腊味,1
菜名不虚传！,1
准时，效率，,1
粉丝丸子,1
白菜豆腐,1
姜蓉鸡，,1
眉洲,1
百度外卖！！,1
还不错，包子,1
，6楼，,1
鱼香肉丝。,1
棒棒哒！！！,1
五星！！,1
美味佳肴,1
实。,1
30份,1
不错赞,1
陪,1
送餐员平易近人，速度快，好评！,1
棒。,1
湄州东坡,1
好。骑士好。,1
good！,1
酸辣汤，,1
雪天,1
骑士。,1
湄州,1
24分钟,1
现象,1
喜庆,1
，很客气！,1
！真棒,1
金,1
解馋,1
美，,1
足味,1
超有礼貌,1
炼乳,1
碟,1
降一降,1
一素,1
垫纸,1
地沟油。,1
水煮牛肉肉,1
大牌,1
。色,1
大堂,1
坡，,1
，棒！！,1
得赞,1
紧密,1
百,1
一大份,1
两三,1
好吃 ,1
太忙，呵呵，,1
高超划算,1
那位,1
随手,1
！）,1
（茄子,1
冻糕萌萌哒,1
派送费,1
，银耳汤,1
。味道同堂食,1
八个,1
，汤包,1
，蒸饺,1
万分,1
，甜香，,1
爸爸,1
盛包子,1
铺上,1
防包子,1
京，,1
锁,1
付出,1
尚可，,1
热滴,1
1点10分,1
完了饭来,1
总计,1
19个,1
呢，鲜肉小笼包,1
超级到位，,1
快！好！牛！,1
陀，,1
吊炸天,1
菜肉馄饨,1
这一点,1
！点赞，,1
。包子,1
好，汤,1
均匀,1
咸水鸭,1
咸。。。。。,1
快马加鞭,1
～～神速～,1
肥肠粉,1
百度糯米,1
专用,1
盐水鸭不错，鲜肉小笼汤包皮薄,1
南京,1
鸭份,1
盐水,1
忘说,1
，特意,1
常来,1
面前,1
！嗖,1
窝蛋牛肉饭,1
辣酱面好呲，,1
木瓜,1
～奶茶,1
调戏,1
辣辣,1
五花肉石锅拌饭！,1
很赞。,1
泡菜五花肉,1
再现,1
油水,1
牛肉汉堡超级棒,1
芝士土豆球。,1
4瓶,1
抗用,1
两袋,1
黑椒,1
烦人,1
童鞋,1
沙拉……,1
顶个单,1
？平时定,1
饿了让,1
水…,1
微辣，果汁,1
石榴汁，,1
鱿鱼石锅拌饭,1
黄瓜、萝卜、蘑菇，,1
，藕丁,1
杂酱面,1
碗面,1
重庆杂面酱,1
日常,1
入肚,1
y,1
nice帮,1
，小贵。,1
不介意,1
紫菜花,1
酸萝卜胡萝卜,1
全面,1
泡脚,1
家牌,1
。凉粉,1
，慎点，巧手大拌菜,1
火烧,1
运力,1
加收,1
卑劣,1
狡辩,1
，出尔,1
，乱收,1
百度超时赔付,1
……差,1
200多块,1
鱿鱼卷,1
十几种,1
整份,1
，土豆片,1
规格,1
，丝瓜,1
酱油炒饭,1
回回,1
不当,1
土豆牛肉盖饭，,1
土豆红烧肉,1
？咖喱炒饭,1
真差劲，,1
仔鱼籽豆腐，,1
椰果,1
封模,1
奥利奥奶茶，,1
管儿？？？？撕开纸,1
四分之一,1
几粒,1
，大满贯,1
粉泡,1
，曲奇奶茶,1
祸害,1
，留,1
没事儿,1
这种人,1
，龙利鱼,1
rou,1
肉末酸豆角,1
一丁点儿,1
代收,1
排骨饭，,1
。晕,1
黑斑，,1
碳,1
差评，,1
挂断,1
。肥牛太老！！菜花,1
。大米,1
。肥牛,1
肉渣,1
卖相极差,1
香芹牛肉丝,1
，凉拌莴笋丝,1
4盒,1
大半盒,1
过头,1
热门,1
，炒包菜,1
干辣椒,1
稀烂,1
成年人,1
六分之一,1
五份,1
汤和面,1
核,1
！汤洒,1
断了,1
醋味，,1
脏乱差,1
鸡蛋壳,1
备注单,1
小菜，,1
孩子们,1
大坑,1
，牛杂,1
！！难受！,1
时间长，,1
酒糟,1
马虎虎…,1
世界,1
面太干,1
木耳，差评！,1
糯米,1
！豆,1
面条类,1
打水漂,1
盛放,1
记,1
九块,1
9  块,1
所以说,1
神经病,1
眼里,1
汉堡，肉卷也极差。到点,1
？总之东西,1
口干,1
KFC,1
炸，,1
吃着凉,1
奧尔良烤翅,1
59,1
2公里,1
餐（,1
晚了快,1
小！,1
忙碌,1
电话号码,1
，打,1
上网,1
百度电话,1
一点二十,1
一点三十,1
科科,1
冰了，,1
十五度,1
电话吧,1
睡衣,1
零下,1
拖鞋,1
鸡腿卷,1
差评差评，,1
。皮蛋粥,1
浓烈,1
面筋状物质，,1
某种,1
制剂,1
化学,1
苦味,1
中卷，,1
”中,1
迷失,1
眼看,1
帝都,1
仙境,1
微波炉。,1
上午10点半,1
？南瓜粥,1
要死，皮蛋瘦肉粥,1
笑一笑,1
达达。,1
多多多,1
……粥,1
逼，,1
洋葱青椒，肉,1
一整个,1
！差！,1
n次,1
文，,1
吵吵,1
太low，,1
，差评差评，,1
做什么,1
恶略，,1
！皮蛋瘦肉粥,1
家餐,1
還是,1
軟,1
店裡,1
底儿,1
目的地,1
烹饪,1
营销,1
。心凉！,1
怒饿！,1
！！！！！？差评差评！！！媒体曝光！,1
走，路,1
分配,1
没完,1
妈屁,1
级,1
共,1
胎,1
高香,1
了吧！差评！,1
。差劲,1
成交,1
咸死,1
！记住,1
四十五,1
奔走,1
众,1
良辰,1
脸上,1
半拉多,1
告诫,1
饭友,1
叶良辰,1
肉夹馍，真值。,1
4，,1
煎饼包肉，,1
……卷饼,1
恩,1
没赶,1
楼梯口,1
饼卷,1
18点20,1
一下子,1
10点58,1
土豆卷，,1
尖椒土豆卷，,1
素拌饭,1
六七根,1
10:33,1
11分钟,1
13:22,1
东西食之无味，弃之可惜。,1
90,1
森，,1
，光送餐员（177xxxx0056）,1
数字,1
强烈不满,1
隐藏,1
，孜然,1
。。点,1
6点39,1
消费。。。,1
强制,1
焦糊味！,1
浓浓,1
夜班,1
宵夜,1
中分饼,1
不饱，何况不好吃……,1
坚决不定,1
15，,1
4层,1
6层,1
端面,1
种田,1
丢人,1
六七号,1
～…,1
麽,1
？饼,1
爆！！！！！,1
，块儿,1
一个劲儿,1
。怪,1
愧疚感,1
意识到,1
5分钟以上,1
？特,1
无期,1
骂街,1
情何以堪,1
10.50多,1
肘子肉吧，,1
死面,1
十二点点,1
既不,1
据说,1
打击,1
发出,1
11点19,1
13:24,1
99点,1
后饼,1
106分钟,1
1层,1
18层,1
素菜卷饼,1
7次,1
来不及了,1
海枯石,1
，话,1
那儿,1
够可以,1
打架,1
，险些饿死…,1
中毒,1
尽是,1
大麻花,1
创造,1
167分钟,1
，拉肚子,1
肠炎,1
虚脱,1
反差,1
错店,1
早起,1
里脊，皮蛋瘦肉粥,1
好，粥,1
硬货,1
两三粒,1
白米粥！！！！,1
！皮蛋,1
满怀,1
1.15,1
坐电梯,1
五花肉，,1
两层,1
第一层,1
！木耳,1
，饭点儿,1
酱肉,1
艹尼玛,1
，耍,1
流氓,1
味儿！,1
，木耳,1
弄好,1
晚吧！,1
一丁点肉，,1
味……香菇炖鸡,1
大南门,1
肘子肉。。。,1
2:30,1
依稀,1
蘑菇片,1
点卷饼,1
评价单,1
吧，结果,1
倒霉,1
返还,1
真他妈,1
交款,1
打不通，,1
严汤,1
凭,1
挤出来,1
9,1
当中,1
淹没,1
上午十点半,1
？卷饼,1
网评,1
听到,1
这时,1
～不错～速度快！,1
走错楼,1
好说,1
原样,1
2样,1
第一天11:20,1
第二天天,1
好多天,1
教,1
11:35,1
14:20,1
霸王了吧，,1
23,1
阿，,1
销量,1
一个小时30分钟,1
因为我,1
，马,1
任性,1
凶残,1
不错，土豆肉丝,1
單,1
餅沒,1
勁,1
走老远去,1
，肘子卷,1
指甲盖,1
差不多大,1
近2小时,1
，土豆肉丝卷饼,1
12多点,1
，肉卷,1
，素菜卷,1
豆芽，香菇，,1
突出,1
五十八送达，,1
慢，一点半下单,1
忘单,1
电动,1
116分钟,1
香菇鸡肉么？,1
19点15,1
，太干,1
瘦肉块,1
失望，,1
丁！,1
乖乖吃卷饼吧！,1
！肥肉,1
惋惜,1
不得已,1
12点20,1
尖椒土豆丝卷饼夹生,1
盖浇饭,1
撤出,1
次奥,1
丢单,1
第三方,1
岔,1
不死人，,1
入驻,1
把握,1
,1
5星,1
写给,1
，土豆肉丝卷饼，,1
谎称,1
当面对质,1
量特少,1
闹心。,1
男子,1
习惯性,1
付，,1
甜面酱？,1
盖饭……甜兮兮,1
奥尔良,1
石块,1
牙疼,1
吧，饼,1
无与伦比，,1
横,1
，还冲,1
软和,1
卖相,1
长见识,1
酱？,1
米法蔬菜拌饭,1
上菜,1
主打卷饼,1
助人为乐,1
原则,1
。本,1
圆白菜！,1
？！黄瓜呢？！绿蔬呢？！洋葱呢？！辣白菜呢？！差差差差差评！！！,1
肘子卷、,1
五花肉卷、,1
太干，,1
！死,1
甜肉】,1
丑味,1
！【,1
山东,1
禀太后……饼，,1
菜卷,1
8分,1
丁儿,1
绝无,1
三思。,1
关键点,1
人民大学,1
麦子,1
）。,1
索性,1
11:07,1
匍匐,1
么！！,1
黄庄,1
彼此,1
出外卖,1
闭店,1
海淀,1
稀粥,1
臭味儿,1
牛肉，卷饼,1
汤露,1
恶心，,1
夜里,1
，酱肉卷饼,1
。拉,1
醒，,1
好危险，,1
无以复加,1
，香菇鸡肉卷，,1
蹲,1
毒。,1
昨晚,1
尾配菜,1
从头,1
一百块,1
不咸不淡,1
黑暗料理。,1
对不起等待,1
，卫生差管,1
算账,1
浅,1
肘花，,1
森。,1
肘子卷饼，,1
几小块,1
分量少，,1
，干干巴巴,1
来讲,1
差，大,1
腐臭,1
准入,1
马肘子,1
延时评价,1
石籽，,1
米里,1
关张,1
草泥,1
！祝,1
别提多难,1
牛肉拌饭,1
111分钟,1
肘子蔬菜拌饭，,1
香，飘香肘子卷，中份，太少，,1
不愿,1
坑！,1
动物园,1
长毛,1
上帝,1
，太差劲！！！,1
30秒,1
走出去,1
楼道,1
就喊,1
昨天2小时,1
巨慢！,1
非一般,1
！！！汤汁,1
更糟糕,1
！纯素卷,1
肥肉多，汤,1
…卷饼,1
、定,1
圆盒,1
打脸,1
艹型,1
呼吁,1
2、飘香肘子卷饼,1
3’,1
成都小吃,1
香菇鸡肉，,1
噩梦,1
小方盒,1
卷饼！！！,1
顺着,1
，宠,1
重来,1
锡铂纸包,1
腥气,1
烫面,1
南瓜汁,1
南瓜子,1
酱，太干,1
塑料片,1
，大号卷饼,1
菜。。装粥,1
味，肥肉,1
瘤子,1
卷饼给两星吧。,1
瘦肉，粥,1
蛋疼。。。,1
咳咳,1
硬好,1
柴菜,1
没礼貌,1
中等,1
，伤不起，,1
酱肉丝,1
出京,1
研发,1
太柴了，,1
资源,1
刺鼻,1
？漏油，,1
办公桌,1
化工原料,1
不错吧，,1
，土豆肉丝,1
一颗颗,1
介绍,1
飘香肘子。。,1
！肥肉。,1
真特么服,1
猪肉块,1
拌饭！,1
！大哥！！！！,1
拌面。,1
长！,1
过去一周,1
退还,1
蘑菇拌饭，,1
纯素蔬菜拌饭，,1
审,1
，丫,1
阳台,1
，脏！,1
番茄酱。,1
龌龊,1
。苦,1
第16天,1
胃痛,1
停止,1
刺激,1
～南瓜粥,1
第二口,1
皮卷饼，,1
，鸡腿肉卷,1
叫鸡,1
香菇香菇卷饼,1
皮肉,1
早上十点,1
（纯素蔬菜卷）,1
烙饼卷,1
登,1
土豆丝。素拌饭,1
圆葱,1
酱。饭,1
猪肉，,1
塑胶,1
汇源果汁，,1
忿忿,1
遂,1
不通要,1
，OK,1
蛮不讲理,1
真牛，,1
中午1:08,1
说下,1
，宇宙卷饼,1
创业,1
抱,1
慢你不知道,1
离去,1
急急火火,1
早上10:09,1
早上十点半,1
远，饼,1
家，,1
烟灰,1
，物美价廉，,1
吐痰,1
招人,1
弹,1
无人接听，,1
中，,1
心情极差,1
132分钟,1
     ,1
。操。,1
tmd,1
昨天中午,1
多量,1
淡味,1
纯素拌饭,1
有误,1
全素饼,1
略少,1
2014年8月份,1
，僵尸饮料,1
反问,1
一周左右,1
别出外卖,1
昨天40分钟,1
干，肘子肉,1
近俩小时,1
休息日,1
吃完,1
那天,1
两点半,1
也罢。,1
难以下,1
泡面,1
。肉,1
幸运,1
体积,1
很多层,1
咽，,1
充饥,1
破产,1
去校,1
飞虫,1
百分百,1
大米粥！！！！,1
发苦。。。。。。,1
辣白菜。。。,1
！！1！！！,1
素食主义者,1
纯素蔬菜拌饭,1
全蔬菜饼，,1
，全,1
无风明朗,1
地，,1
胡椒味,1
洋葱！,1
人为,1
辣酱！,1
外卖，差评！,1
。！,1
刷单,1
分明,1
，貌,1
超过一个半小时,1
。醉,1
，卷饼皮硬，,1
辣椒卷饼,1
！肘子,1
！卷饼硬，,1
？？！！,1
下午1:29,1
卷饼，没粥，,1
订晚,1
刚来,1
格。,1
12：,1
喽，,1
定，,1
香菇卷。皮蛋粥,1
南瓜粥。。,1
，辣辣,1
！真快！！！！,1
200分钟,1
11:50,1
来电,1
10:10,1
晚点儿，,1
聊天,1
等你,1
梦游,1
一个字：次,1
12半,1
附带,1
风格,1
餐巾,1
小丁丁。,1
韧劲,1
层次,1
19:00,1
20一份,1
好生,1
且慢,1
乘以,1
二！饭店,1
120多分钟,1
牛肉蔬菜拌饭，,1
凉皮……,1
情怀,1
饭菜真差，,1
，肘子肉,1
青椒。木耳,1
拿回来,1
京酱肉丝……,1
编造,1
各类,1
此外,1
胡乱,1
肉卷，,1
摆明了,1
两倍,1
。。。周,1
青椒好生…,1
神奇,1
，辣椒酱,1
有信心,1
乌龙。。,1
带好,1
第一等,1
默默,1
运送,1
京香肉丝,1
130分钟,1
吉尼斯世界纪录,1
送餐员们,1
标代,1
金劵,1
额。。。,1
肘子…尖椒巨给力…,1
96分钟,1
北门,1
在南门,1
发臭,1
心思,1
吧，否则。。。。,1
超级难吃，,1
照样,1
X,1
皮带,1
10:25点,1
中间电话,1
少爷,1
心酸,1
手感,1
纸质,1
，俩小时，,1
14下,1
零个,1
巨快,1
太袖珍,1
。。。菜,1
超慢，送餐,1
杀猪,1
，落单,1
盖饭，,1
，干巴巴,1
，米饭,1
不好吃好,1
！！饼,1
点写,1
远能,1
区域,1
4个钟头,1
吐吐,1
补助,1
联合,1
少，皮厚，,1
与否,1
！明明保安,1
，饭来了，,1
回民，,1
牛肉味，,1
扮饭,1
多多少,1
差差差！,1
卷饼！,1
穿越,1
重新从新,1
喉,1
天天向上,1
送好,1
？破外卖，,1
，大,1
一段路,1
1点15,1
败给,1
河北,1
38元餐,1
好容易,1
324,1
？？？！！！,1
110分钟,1
6点15,1
老爷们儿,1
娘们,1
600米,1
大分,1
来到,1
概念,1
肉菜,1
太干。,1
好奇,1
出于,1
肘子蔬菜卷，,1
变少,1
气受,1
差品,1
酱香鸡腿肉,1
，郁闷，,1
土豆丝饼，,1
。。。粥,1
保护,1
催单无,1
免，,1
上午十点,1
权益,1
无人接，,1
，面饼,1
红，,1
精力,1
包装纸,1
额。,1
五六个,1
直接影响,1
飘香肘子,1
鸡肉？,1
，鸡肉蔬菜,1
晦气,1
电话费,1
错过了,1
倆,1
绝不,1
20min,1
舍友,1
口碑,1
望洋兴叹,1
欢迎,1
妹妹,1
中份，肘子肉，好棒哒,1
弟弟,1
肘子拌饭,1
明说,1
影，,1
。差评！,1
！！卷饼,1
越差！。。。,1
十点十五,1
无果,1
糟烂,1
多！！,1
抓紧,1
最早,1
午觉,1
睡醒,1
一两个小时,1
市场,1
不忍心,1
恩劣,1
几百遍,1
爹,1
天都,1
12:24,1
！青椒,1
！！鱼香肉丝,1
杀,1
淌,1
下午茶，,1
俩八块,1
屌,1
土豆饼～,1
小混混～,1
土豆肉丝饼，,1
多顶,1
3小块,1
家坑,1
兩個小時,1
，肘子肉糙 ,1
9点40,1
盖饭菜,1
太傻逼,1
完没了,1
土豆肉丝，,1
高价,1
吃肉丝,1
前面,1
声，,1
自换,1
私,1
猜,1
别来,1
，慢，慢，,1
，，。,1
1小时54分钟,1
洋葱！！！包装还行…,1
？华,1
！蔬菜卷,1
瓷器,1
，素养！！,1
金刚,1
太刺激卷饼，袋子,1
关心,1
钻,1
更健康,1
素养,1
标题,1
揽,1
搞好,1
丝卷,1
百洁丝！！！！,1
永远不通,1
吹捧,1
点厚。,1
老干妈,1
ok！,1
马丹，,1
？！！！！！,1
受够了,1
。马丹，,1
敢不敢,1
气。,1
晚点儿,1
手术,1
难熬,1
素卷,1
一个小时零十分钟,1
四五十,1
误会,1
最终餐,1
12点45分,1
10点57分,1
奇难,1
1:50,1
糊糊,1
10点40点,1
瞎子,1
终于知道,1
十二点十五,1
罪,1
，油腻。凉拌木耳,1
了事,1
油！,1
嘴！,1
，望日,1
。貌,1
后台,1
按键,1
！！！（,1
9点半,1
衰,1
15个,1
粥。。。。,1
一不小心,1
点错,1
，据,1
快送餐员！！！！,1
蛮横,1
辣。。。,1
一万只,1
奔,1
。。？？,1
风风火火爬步行梯,1
15层,1
钢丝，,1
？？鸡肘子？？？鸡肉味,1
【飘香肘子卷】！！！！鸡肉卷,1
接！,1
严谨,1
看好,1
，快疯了，,1
力气,1
可好,1
晚归,1
多才,1
心态,1
，整,1
，辣菜,1
ε,1
生。,1
今晚上,1
京酱肉丝？,1
炖肉，,1
禁,1
飘香肘子卷，,1
联想,1
大气,1
资金,1
场面,1
翔,1
土豆丝豆牙辣椒,1
“宇宙”,1
光顾。,1
辩护,1
，肉不香。,1
辜负,1
備註,1
王老吉、、,1
一块一块,1
，雞腿,1
裡面,1
，別,1
沒,1
困難,1
推薦,1
什麼,1
，建議之後,1
两个多,1
尚可，饼,1
肥肉块么，很失望，,1
做出来,1
评价，,1
大爱,1
是非高峰,1
太无语！,1
退成,1
劳资,1
神马意思！！！好吧，,1
。宇宙卷饼，差到不行，,1
，尼玛劳资,1
不通，不通，,1
12点12,1
大失所望,1
过去一个小时,1
猪皮,1
飘香肘子卷饼,1
，春卷,1
肥，,1
，青椒丝,1
大饼卷,1
券价,1
牛肉蔬菜卷，,1
今年,1
黑心,1
，满,1
放牛,1
一半多,1
土豆豆芽，,1
柿子椒,1
慢，闲,1
，谈,1
13241080757,1
1碗,1
土豆尖椒,1
工艺,1
萝卜干酸豆角,1
帮助,1
酸楚,1
去油解腻，,1
伤心！,1
发了疯,1
by,1
疯,1
输赢,1
一场,1
宇卷,1
一百倍,1
凑活吧，随便吃吃，比合利屋,1
推迟,1
一点十五,1
甜糊糊，,1
，肘子卷饼,1
渣滓！,1
晚上六点半,1
负面：,1
正面：卷饼,1
北京！！！！,1
！太！,1
“喂，,1
推诿,1
一天后,1
诚信度,1
问又,1
混为一谈,1
口吻,1
命令,1
尖椒土豆，巨TM辣，,1
说不出,1
一问,1
泥块,1
米。。。。,1
皮蛋瘦粥，呵呵，,1
迷你,1
葱丝，真恶心！！！！！！！！,1
恶心！！！！！,1
肉。。。,1
打碎,1
酸味。,1
呢。。。,1
送错饮料,1
春饼,1
1.30,1
慢，离,1
兽肉丁+肥肉丁,1
纸包,1
柴，,1
街上,1
瘦肉呢？？？,1
煎饼，皮蛋瘦肉粥,1
牛肉卷饼，,1
一两块,1
鸡毛，,1
游戏,1
一逼。,1
惩罚,1
单独吧，,1
，像鱼香肉丝,1
。美中不足,1
超级差，南瓜粥,1
清华,1
路牌,1
！！！！！！！！！！！！！！,1
规矩,1
飘香肘子，,1
。木,1
144分钟,1
鲜明,1
堆,1
直愣愣,1
站,1
恒温,1
。好心收,1
极差！！！！！！！！！！,1
20起,1
142分钟,1
！差评！！！,1
蛋壳，,1
湿漉漉,1
原始人,1
傻B,1
1.5元,1
恶心。。。,1
1，,1
飘香肘子卷（,1
往下,1
。面饼,1
一粒粒,1
好心塞,1
吭声,1
油味,1
生煎,1
□,1
炝炒圆白菜,1
焯,1
竞争力,1
逐步,1
备用,1
啧,1
十一点45,1
送价。,1
吧，感觉饼,1
赶脚,1
略干。,1
招呼,1
值。,1
。望,1
老醋花生，,1
，问原因，,1
蜜酱烤肠,1
派软塌塌,1
放假,1
22厘米,1
九寸,1
Z,1
，PIZA,1
计划,1
卤打的还行，囊,1
，亲，,1
。炒饼,1
水钱,1
拨通,1
。茶树菇,1
总定,1
。亏,1
尖椒炒鸡蛋,1
尖椒炖鸡蛋,1
蒜香鸡翅,1
花卷儿,1
，咬,1
。女,1
，懂,1
缺德得,1
，，，饭,1
腐味肉臭，,1
彭伟,1
天机,1
jb,1
进驻,1
智障,1
灵气,1
嫁给,1
按钮,1
调头,1
走。,1
封杀,1
871元,1
……，,1
脂肪块,1
？烤鸡翅,1
光秃,1
骨棒,1
米饭粒,1
，大还,1
四十多片,1
素麻辣香锅，,1
姜味。,1
牛蛙柴,1
泥，,1
。虾肉,1
差点意思,1
松仁,1
孜然羊肉,1
肉像,1
西红柿鸡蛋汤,1
俺村,1
说不放,1
飞上天,1
。牛肉面,1
。酸菜鱼片，,1
四小片,1
白菜豆腐汤,1
春节,1
火腿鸡蛋饼，,1
香油,1
硬邦邦,1
豆浆…,1
套装,1
，眼,1
转悠,1
几圈,1
中文,1
！黄太吉,1
太差！慢！餐凉！,1
姜枣茶，,1
。扁豆,1
华而不实,1
有毒,1
豆浆！,1
，2星,1
怒,1
30分钟以上,1
早8点,1
套,1
真心不愉快,1
踪。,1
陪送,1
？少,1
酱汁流,1
土豆肉丝卷，,1
四十五分钟,1
凉煎饼,1
今早,1
9点15,1
使劲,1
破坏,1
作呕,1
产生,1
闷软,1
八点十五,1
自欺欺人,1
光彩,1
大料,1
超慢，煎饼,1
400，,1
妈孙子,1
黄太吉纯,1
牛炖，,1
矛盾,1
错东西，,1
十几次,1
，皇太吉,1
奇差,1
不要脸,1
7点40,1
三煎饼，,1
圣母果，,1
7颗,1
飙升,1
几倍,1
开心！,1
粉丝卷,1
人工,1
转接,1
11点58,1
吊。,1
泡沫,1
漂,1
请假,1
鸡丝凉面,1
，鸡柳煎饼,1
。土豆肉卷,1
周围,1
流出,1
擦拭,1
配合,1
汤太咸，,1
大大小小,1
辣油。,1
深色,1
耽搁,1
，整盒,1
慢，煎饼豆浆,1
快当,1
明明定,1
永远不接,1
塌塌,1
疲,1
八点点,1
黄家煎饼,1
果盒,1
非饭,1
下订单,1
互联网+,1
屌样，呸,1
叼,1
！特,1
人间,1
蒸发,1
截单,1
1倍,1
姜味,1
16:26,1
1.5个小时,1
防水纸,1
卫生吧。,1
摊儿,1
等于,1
面疙瘩～,1
8月14日,1
饼子夹油条。。橙汁,1
外卖袋,1
朝下,1
开口,1
报价,1
定下,1
一次类,1
，实,1
生抽,1
不通，真,1
柚子茶,1
银子,1
鸡柳煎饼,1
鸡丝凉面，,1
不动。,1
。钱,1
班小时,1
气急败坏,1
杂,1
挑食,1
七八分钟以内,1
慢么？多难吃,1
！SB！,1
家色,1
餐！SB！,1
超时赔付，,1
小伙伴,1
单，真心郁闷,1
酱油汁，土豆饼,1
@,1
…貌,1
葱花香菜,1
……差！！！！,1
杳无音讯,1
，苦,1
楼上楼,1
理论,1
麻烦我,1
几趟,1
皇太极,1
…薄脆煎饼,1
按单,1
豆腐脑，,1
脑！,1
沙拉酱，,1
7点50,1
一根儿,1
。刚,1
鸡丝凉面么？鸡丝,1
干辣，,1
，素土豆饼,1
味儿，像吃咸菜，,1
凉面太硬，,1
，煎饼，南瓜粥，豆腐脑，薏米,1
水都,1
门禁,1
N,1
门牌号,1
隔着,1
，鸡丝凉面,1
绝壁,1
豆腐脑。,1
。豆腐脑,1
，告,1
后脚,1
；豆腐脑不咸，,1
包辣条,1
黄太吉煎饼，,1
12.50，,1
11.20多,1
一个字，,1
老婆,1
太吉，,1
缘尽,1
水果盘,1
6粒,1
粉丝，,1
葡萄，,1
13粒,1
双菇烩，,1
保鲜,1
水果，,1
凉拌面,1
第肉松煎饼,1
131分钟,1
没汽,1
肉松。,1
定晚,1
塑料杯,1
无与伦比,1
可乐；希望5,1
；定,1
椒盐双菇,1
不佳,1
饮食,1
白饼,1
白油炸蘑菇,1
炸藕片,1
撒。,1
：送餐,1
软塌,1
脑盖子,1
油，煎饼,1
土豆丝肉丝卷，,1
另类,1
偏油，煎饼还不错。拉面煎饼,1
灾难,1
。薄脆,1
忧伤。。。,1
重口味。。。,1
十点二十,1
薄脆煎饼,1
！！！！差差差！！！！,1
气儿,1
炸蘑菇了！！太气人,1
自提,1
，袋,1
他人,1
脑碗,1
。拜托,1
牛炖,1
三单,1
！！！，,1
1-15天,1
凉面一般额。。。。。。,1
吹,1
，煎饼卷,1
铺层,1
仿,1
一次性杯,1
飙车,1
也想,1
相！,1
越野,1
塑料带,1
猪肉，包菜卷,1
肉末,1
预付,1
1杯,1
都匀,1
固体,1
，糖,1
微辣，豆浆,1
第煎饼,1
鸭卷,1
空间,1
椒盐,1
，炸茄盒,1
一边,1
差强人意！,1
脑？,1
划破,1
清清楚楚,1
认识字,1
两条街,1
放屁,1
酸辣粉，,1
亮点,1
真苦,1
脑量,1
红枣茶，,1
蜂蜜柚子茶，,1
，原味煎饼,1
烤羊肉串,1
。。红油汤,1
20多度,1
叹为观止,1
点餐，,1
，路边煎饼,1
！！差差差,1
哇塞，,1
鸭卷，肉,1
葱，,1
重复,1
勾结,1
诈骗,1
315,1
烂泥,1
！抄手,1
10分种,1
上架,1
85分钟,1
红油速冻水饺！,1
钟点,1
总结,1
下属,1
花椒。,1
巨麻,1
。冒菜,1
倒入,1
脑太难,1
！，肉松煎饼,1
12一碗,1
。。。豆花,1
东直门,1
。步行,1
后厨,1
一个世纪,1
煎饼。,1
。。。。。。。黄太吉，,1
银座堂食,1
吞咽,1
西兰花,1
值钱,1
24元,1
胡萝卜木耳,1
油饼,1
溜,1
园区,1
一眼,1
清炒菠菜,1
黄瓜皮,1
卖出去,1
蒸馏水,1
拿手抓,1
提倡,1
不在家,1
！连,1
坚决不用,1
阻挡,1
？牛肉,1
青菜，芹菜，,1
大杂烩,1
小坛东坡,1
全聚德比,1
乘,1
十九块,1
豆。,1
二厘米,1
东坡肘子,1
一小块,1
直观,1
超级干,1
详情,1
电联,1
43分钟,1
白灼芥兰,1
鱼香肉丝，,1
全聚德,1
宫爆花生米，,1
败,1
人辣死，,1
秋梨汁,1
200ml！,1
没收,1
见赖,1
堂食差，,1
赶到,1
实实在在,1
87分钟,1
最后一刻,1
迟迟,1
茄丁,1
香酥,1
86元,1
手抓饭,1
赠品,1
超过一个小时,1
好过,1
板栗烧鸡,1
，烧牛肉,1
忍！,1
挨饿,1
4个多小时,1
酱油醋,1
连锁店,1
发财,1
异味，,1
猫粮,1
少少少,1
豆沙粥,1
，菜单,1
超级少，,1
寡淡,1
贴心。,1
定量,1
婴幼儿,1
上海,1
芥蓝，,1
北菇滑鸡蒸饭,1
精，,1
尚,1
手量,1
抄,1
贵！,1
。蟹黄蒸蛋,1
点生,1
全身,1
18:00,1
一小点儿,1
豆腐丝，,1
凉拌豆腐丝,1
小笼,1
鲜肉,1
外送,1
么，卤蛋,1
涼,1
，湯涼,1
万年,1
青点,1
葱油,1
葱油拌面。,1
不明白，,1
十分钟以上,1
排骨汤,1
，排骨汤,1
汤。豆腐丝,1
吃翔,1
凉点,1
吐血,1
一个星期,1
学子们,1
跟进,1
熟…,1
骨汤乌冬面…,1
。果汁,1
不错，薯条,1
用上,1
，SB！,1
泡菜炒饭,1
鬼？咖喱鸡肉烩面，,1
咖喱？？？,1
说餐,1
南门，,1
，路,1
东门,1
东门，,1
分不清,1
脑残，,1
意大利面，,1
烧鸡饭，,1
两三块,1
超爱年糕,1
海带汤,1
青椒。,1
一百米,1
拨！,1
点谱,1
鬼！,1
繁忙,1
道德,1
请稍后,1
，一听,1
不道德！,1
事物,1
胡萝卜丁，黄瓜丁，玉米粒,1
，蛋饼,1
凉…,1
酱包……,1
草泥马，,1
17.25,1
您说,1
5分钟后,1
当我,1
闲麻烦,1
补充,1
番茄酱炒饭？,1
。蛋,1
太生，沙拉,1
好块,1
不要再买,1
受减,1
三明治，料,1
？定,1
有必要,1
老干妈……,1
。玉米沙拉,1
呵呵，+1r，不开心。,1
，奶油蘑菇汤,1
咖喱鸡肉烩意面，,1
扮拌,1
肚丝,1
斤,1
一克,1
两，,1
缺斤短,1
人够,1
呛,1
，店,1
！骗银,1
脏兮兮,1
加分量,1
省心,1
百度团购便宜，,1
省力,1
省时,1
宗旨,1
面食，,1
没法子,1
毫无,1
横着,1
，担担面,1
海带汤！,1
汤送,1
担担面,1
晚筷,1
乐家,1
散发,1
园餐,1
充当,1
、宫保鸡丁,1
蒜蓉,1
七点半,1
粉丝娃娃菜油,1
下午五点五十五,1
18点10分,1
，羊,1
棒骨,1
20点20,1
合计,1
11粒,1
。。。羊肉串，差差差，,1
速递级,1
太差，宫爆鸡丁,1
5串,1
12点47,1
宫爆鸡丁量,1
锅巴,1
麻婆豆腐，,1
甜带鱼,1
惨,1
腰子,1
丝切,1
，餐盒单收费，,1
进行,1
错粉，,1
牛腩粉，送餐,1
红烧肉粉，,1
大排粉，,1
沾满,1
，1／3汤,1
盖上,1
！决,1
蒜香菜，,1
红豆沙,1
老汤,1
叶，,1
，女孩,1
薯泥，,1
焗,1
这回事,1
，水呼,1
汤，木,1
，奶油培根,1
香辛料,1
听见,1
十分钟前,1
126分钟,1
单好,1
说句,1
催，,1
20遍,1
手抓饼吧？,1
…铁板煎鸡碎散，,1
量力而行,1
奶酪,1
。奶酪,1
2.30,1
170分钟,1
一跟,1
，法式焦糖布丁，,1
10点13分,1
差评差评差评！,1
13点13分,1
十二点46,1
附图,1
附上,1
超过12点,1
接单多忙,1
抓狂,1
糊嘎巴。。。,1
银耳梨那汤,1
球！,1
！差评差评差评！！！,1
差差差差差！！！,1
半生不熟，,1
～连,1
盐酥鸡～,1
最后一个,1
干开,1
雨水,1
吉吉熊，,1
做多,1
柠檬茶,1
银耳汤，,1
雪碧…,1
12点28,1
目测,1
缩小,1
。奶油汤清汤寡水,1
叶焦,1
面包粒,1
看似,1
一起来,1
凯撒沙拉,1
条款,1
意大利面！,1
番茄酱。送错餐,1
果粒橙,1
15年,1
，大厨,1
，弄错,1
闺蜜,1
平日,1
呵呵。。。,1
汁源,1
，奥尔良,1
！！！累,1
，面陀了，,1
，蛋挞凉,1
签,1
协议,1
校门,1
金枪鱼超级少，,1
合利屋号，土豆泥,1
巨小,1
葱香牛肉焗饭,1
段,1
送餐巨巨巨慢，,1
最高,1
活动期,1
出票,1
折扣率,1
在线支付。,1
傻不愣登,1
30分钟左右,1
忍，,1
12点35分,1
～菜品,1
最小,1
香…,1
额点,1
，芝士焗面里肉酱,1
口轻,1
两把,1
一万次,1
萧,1
瓜子壳？,1
缠,1
蓝色,1
。。。虾,1
梨，汤没味，,1
很跩,1
珍,1
太袖,1
米板,1
萨！,1
这样儿,1
，焦糖,1
海鲜乌冬面,1
得用,1
黑胡椒，,1
，意面,1
减单,1
凑单,1
，蛋挞,1
，尚可,1
BBQ鸡肉披萨+饮料，,1
奥尔良披萨,1
热带雨林披萨+饮料，,1
银耳冰粥,1
薯蓉！,1
9寸,1
拉米,1
苏少,1
角，,1
怪，,1
望,1
牛肉丸，,1
实话实说,1
原谅,1
17:16,1
19:02,1
让开,1
中国电子大厦,1
忍无可,1
49元,1
62，,1
挺快，,1
心塞…,1
含,1
货真价实,1
安粒数,1
。牛肉炒饭,1
大冷天，,1
新年快乐,1
不守时,1
小作坊,1
2只,1
蝴蝶虾,1
5只,1
鸡翅。,1
血丝,1
！服,1
12一个,1
大瓶,1
奥尔良味道，排骨,1
灌装,1
中奖,1
瓶盖,1
35，,1
水，沙拉,1
，汤一看,1
坐地起价,1
抑郁,1
介,1
火腿肠，,1
海,1
海陆,1
满眼,1
大门口,1
眼睁睁,1
，杯,1
双重,1
对半杯,1
刀叉,1
凯撒沙拉酱,1
卡布,1
咖啡底,1
华夫饼,1
华夫饼，完全吐司or手撕饼,1
好失望,1
猴子,1
跳着,1
红丝绒蛋糕,1
乌七八糟,1
捧,1
稳,1
60,1
机灵真,1
精明,1
一片片,1
红点,1
着急别定,1
后果,1
咖喱，汁,1
分定,1
滴滴答,1
敲。,1
。猪排,1
，关东煮,1
小跟,1
关东煮。。。,1
不变,1
海带，,1
忙，忙,1
脏话,1
拿开,1
海苔汉堡串，,1
，拌菜,1
，真垃圾,1
，宫保鸡丁饭,1
百度外卖定，,1
红包,1
沙发,1
一个多,1
没了改,1
串，,1
冲！,1
四包千岛酱了，四包！！干,1
放菜吧！,1
自个儿,1
‵,1
点一品三笑,1
′,1
～关东煮,1
汤！！！,1
鬼？,1
和合谷,1
焉,1
7点20,1
8点5分,1
，生生,1
齐,1
一点零五,1
话翅,1
快，菜,1
辣酱酱,1
下一步,1
，东坡肉,1
大拌菜,1
网上支付，,1
关东煮太尼玛,1
龙珠,1
鱼虾,1
最好别,1
，咖喱饭,1
水冲,1
你自己,1
误,1
正言辞,1
还义,1
。死,1
椒味,1
？。。,1
奥尔良味,1
柠香鸡翅。,1
柠檬味,1
万幸,1
超过90分钟,1
，咖喱猪排饭,1
虚假,1
晚45分钟,1
加价,1
3公里,1
路远,1
在哪里,1
海带丝，投诉！,1
参与,1
太事儿,1
壞,1
餸,1
明显量,1
绝味鸭脖,1
缺斤短两，,1
一长,1
三十块,1
黑白叶,1
白百叶,1
黑白百叶,1
麻将,1
！丸子,1
3种,1
菌类,1
连菜,1
鹌鹑蛋！,1
苦菊呢？？？,1
组成,1
一支,1
鹌鹑蛋……,1
完还,1
黑白,1
麻辣烫！,1
？？诺,1
中指,1
2颗,1
川成园,1
川成元,1
香锅,1
，莲藕,1
皮鞋,1
羊腿,1
莲藕,1
，南非脐橙,1
剥开,1
橙子,1
白柚,1
红柚，,1
凤梨,1
蜜桔，,1
葡萄汁，,1
搞错，,1
，难免,1
石榴汁,1
芒果，,1
顾不上,1
退换,1
差超差,1
？千叶豆腐,1
醋包，,1
外带,1
没少,1
汤全撒,1
胶带条，,1
眼科,1
宽面，,1
汤汁，,1
！！巨恶心！,1
写出,1
对儿,1
米线，要辣椒，,1
红薯粉,1
米线，,1
面目,1
，午餐肉,1
微微辣，,1
全非，软塌塌,1
焦黑，,1
一盆,1
100多块,1
血小,1
水状,1
胆汁,1
腹泻,1
吐下泻,1
一大盆,1
鸡精，,1
烂乎乎,1
180,1
新鲜度,1
麻一,1
小摊,1
牛肉丸,1
一麻一辣？关门吧！,1
弹性,1
盘子,1
呃………,1
确,1
超差评！,1
9点20,1
地瓜,1
20分,1
“圆生菜”？,1
麻一辣,1
须,1
图案,1
；点,1
麻椒,1
一百多,1
外卖量,1
7折,1
药！,1
救命,1
退热贴,1
药，,1
二十多块,1
草！,1
小抄,1
81.5,1
102。,1
水煮肥肉,1
？钱,1
不负责,1
。骑士礼貌。,1
冷冰冰,1
麻辣香锅？？？,1
第二80多,1
“感谢”！饭盒,1
早已,1
已然,1
洋葱，肉呢！,1
码,1
32元,1
令人失望,1
鸭血,1
没收拾,1
啥子,1
有机花菜,1
轰轰,1
盖严，汤,1
菜饭,1
层状,1
渣状，,1
。皮蛋豆腐,1
打交道,1
天黑。,1
趋向,1
天亮挑,1
鸭蛋,1
壳,1
拨,1
鸭黄肉丝粥,1
，韭菜盒子,1
，生煎,1
，生煎包,1
小鸡炖蘑菇，,1
逗乐,1
蘑菇，汤特,1
压锅鸡，,1
烂呼,1
油豆角，,1
烟味,1
～一,1
两双筷,1
子，,1
搞错！,1
排骨油豆角，,1
鳃,1
中规中矩,1
。压锅排骨油豆角,1
莫利炖鱼,1
东北人,1
血，,1
梁骨,1
身为,1
，麻酱,1
拌，锅包肉,1
朝鲜,1
来着,1
，锅包肉超级差劲，,1
脊骨,1
饺子，饺子馅,1
晚一点,1
搜锅包肉，,1
重度,1
出售,1
造假,1
卖出,1
浓，,1
鱼香茄子,1
特点,1
乎乎,1
一阵,1
茄子炖土豆，,1
地三鲜么？,1
恶心。,1
交汁儿,1
，酱骨,1
比差,1
饺子皮厚，褶皱处,1
顿鱼,1
豆角排骨,1
排骨油豆角,1
蘸酱，,1
时笋烧肉。。。。,1
川香鸭肠,1
重，,1
究竟,1
黑椒鸡腿，,1
皮球,1
骗钱,1
付账,1
名，,1
醋，,1
，凉菜,1
称职,1
九品，,1
粘着,1
虫,1
热炒土豆丝,1
炒合菜,1
炒豆皮韭菜加豆芽，,1
青椒猪肉馅儿,1
露汤,1
指导,1
不听,1
完善,1
二米粥，,1
冰手，,1
指责,1
反省,1
责怪,1
永不再用,1
绝不再来,1
九品金饺,1
亿万分,1
发热,1
三鲜，西芹，韭菜，,1
67分钟,1
袋里,1
别送,1
，韭菜鸡蛋饺子,1
三鲜饺子,1
浆糊,1
虾米皮,1
。娃娃菜,1
，皮蛋豆腐,1
九品三鲜，,1
12点15分,1
饺子。。。,1
30多分钟,1
103，,1
89，,1
鲅鱼饺子,1
脸皮,1
痛,1
荤香,1
两双筷子,1
手抓,1
不明就里,1
，差劲！,1
负分,1
肉头,1
西葫芦，,1
青斑,1
鲅鱼,1
冰冰凉。,1
砂子,1
十几个,1
33,1
餐吧，,1
字数,1
经,1
谷！,1
、量,1
、海龙,1
中技,1
，臭脸,1
驾校,1
正是,1
遇见,1
哄哄,1
。大热天,1
巨款,1
才叫,1
抚慰,1
教练,1
一点钟,1
货人,1
99分钟,1
合谷海龙店,1
固定电话,1
畅通。,1
14:00,1
紧急,1
？？！！！！,1
一百多分钟,1
热线电话,1
，骗,1
无用,1
？一锤子买卖？,1
？量,1
味，披萨饼,1
意大利面粗，肉酱,1
卤肉饭……,1
汤……,1
肉……,1
红烧牛腩,1
名点,1
吸取教训,1
姜！,1
？辣,1
！虾酱整块整块,1
，咸死！虎皮椒,1
肉，豆腐，,1
极，,1
土匪,1
，肉段,1
柴火,1
别特么,1
，尼,1
较劲,1
几十次,1
，青椒鸡丁,1
不乎,1
雪梨汤,1
大意,1
精选,1
？？？？？差差评！！,1
空盒,1
干锅菜花，,1
咬碎,1
时蔬,1
绿叶菜，,1
炖雪梨,1
冻凉,1
冰凉，,1
折离,1
实用性,1
老远,1
折,1
3遍,1
雪梨,1
鬼！汤,1
一口咬定,1
一身,1
改为,1
徒,1
虚表,1
凉茶,1
差评差评！,1
才送,1
收干,1
汤真,1
大盘,1
汤？,1
油。,1
，太尼玛,1
有很多,1
地三鲜，茄子,1
烤鸭饼！,1
烤鸭饼，,1
味面酱,1
大牛,1
走味,1
关门大吉,1
吊烧,1
烧鸡,1
确乎,1
吊烧鸽，,1
要钱,1
第一炉,1
南城,1
42，,1
红莲,1
情节,1
心理准备,1
长大,1
当年,1
从小,1
，红莲,1
不复,1
拳头,1
吊烧鸡，,1
点烤鸭,1
职工,1
。牛肉,1
，酱油,1
无论如何,1
超薄,1
院里,1
丁甜,1
！鸡,1
火锅,1
口？,1
菜味,1
菜员,1
白点,1
砂锅豆腐,1
海米，,1
，鱼香鸡丝，,1
炸馒头片,1
八片,1
芥蓝,1
怪异,1
粉红色,1
染,1
腌菜，,1
质问,1
，大盘鸡,1
发齁还掉渣儿。。。,1
包粉。,1
，疙瘩汤坨,1
，梅菜扣肉,1
一辈子,1
，特意凑,1
救,1
！牛肉面,1
饭、,1
蟑螂，,1
1公,1
整顿吧！,1
分长,1
鸡杂，黄焖鸡,1
杨铭宇,1
真知,1
托盘,1
酒精,1
押金,1
烤鱼,1
架子,1
摊鸡蛋,1
顾虑,1
硬物,1
鸭嘴,1
一顿饭,1
清洗,1
草叶,1
样式,1
地三鲜，,1
生平,1
流汗,1
走时,1
D,1
难吃，甜,1
，凉粉,1
重庆辣子鸡,1
土豆、尖椒，,1
膻气,1
炖牛肉差十万八千里，,1
混合,1
苍蝇，,1
！！！！图文不符！！！,1
12点10,1
。豆角,1
101分钟,1
06,1
09,1
真厉害,1
沪菜，鱼香茄子,1
川湘菜,1
江浙,1
豆奶拿铁,1
送错咖啡,1
几家,1
拿铁！？？？！,1
拿铁加浓，天天,1
浓缩！！！,1
浓缩，备注,1
八次,1
体感,1
差！！！！！,1
长见识！,1
过分极,1
被子,1
剩余,1
一大部分,1
浓缩，咖啡,1
热巧克巧,1
惨痛,1
超级少、,1
黑森蛋糕,1
，以为,1
錯，,1
負責,1
任,1
10分钟后,1
14:41,1
晚两点,1
五十五分,1
索赔,1
无糖！无糖！,1
无糖！,1
五个小时,1
焦糖,1
咖啡，,1
冰少糖,1
杯，,1
，咖啡全凉，,1
外地,1
骑手大叔，,1
百度外卖代购咖啡,1
烂糟糟,1
完全化,1
奶油，,1
糖包，热巧克力,1
示,1
，卡布,1
水乐,1
想说不给,1
半杯。。。,1
冷热,1
铁，,1
咖啡星,1
瓶装,1
分明点,1
。摩卡,1
无语O,1
苍天,1
卡布奇诺,1
，神马,1
榛果拿铁,1
全融化,1
凉可可,1
得死,1
拉倒,1
一次一人,1
货比,1
不尼玛,1
，东西送错,1
4点10分,1
我知道,1
道到,1
区号,1
晃悠,1
一格,1
3点50,1
焦糖玛奇朵，,1
75分钟,1
美团外卖。,1
有用,1
，热咖啡,1
画,1
瞄,1
帕尼尼，,1
。星巴克帕尼尼，,1
帕尼尼？,1
十多个,1
去餐，,1
申请,1
满地,1
从今,1
四杯,1
差！差！差！,1
抹茶星冰乐，,1
中杯,1
咖啡。,1
不冷不热,1
洒了得,1
大坨,1
鞠躬,1
咖啡色,1
四分之三杯,1
街店,1
品位,1
如意,1
少喝,1
有钱,1
三流,1
全部化,1
，盖子,1
已经完成,1
3:26,1
3:16,1
。累感,1
无可救药，,1
汤子,1
，星巴克,1
高格調,1
這種,1
熱,1
咖啡店,1
質量,1
爛,1
三明治，,1
時,1
冰品,1
飲料,1
水味,1
星冰樂欺騙消費者，,1
目睹,1
太离谱,1
，有史,1
不忍,1
离谱。,1
水果杯,1
近三点,1
13:01,1
送单？？？？？？,1
。星冰乐连,1
怀着,1
当面,1
冷饮,1
撒光,1
！送,1
！感受极差！,1
星！,1
订货,1
？？？人呢？？,1
tall杯,1
venti,1
骑马,1
转头,1
张银平,1
下半截,1
洞,1
3杯,1
三十一杯,1
巧,1
签收,1
噱头,1
没喜欢,1
柠檬红茶，,1
格雷,1
…服,1
到点,1
茶味，,1
鸟巢,1
加图,1
困,1
悠唐,1
饭钱？,1
那么贵,1
坑！慎重吧！！！！！,1
碎头！！,1
10片,1
一盘散沙！！,1
？！？,1
特辣，五香,1
锁，,1
张望？,1
手机号吧,1
闻声,1
卧室,1
买东西，,1
门把手,1
搬动,1
四处,1
12:53,1
？！。,1
收回,1
好多人,1
酱油味,1
早点点吧，,1
点别,1
宝，,1
没收费,1
餐盒费。。。,1
关东煮泡,1
超次,1
皮皮,1
訂單，,1
10:40,1
操作员,1
生气！,1
可怜，连,1
！马,1
中午2点,1
！退餐吧！,1
，愣,1
中午12点,1
作弊,1
12:09,1
安检,1
三百,1
百荣到南站,1
关东,1
进展,1
追,1
40多分,1
太特妈,1
菜带,1
不能少,1
13点16,1
督促,1
监督,1
制度,1
12点29点,1
。中途,1
一个小时40分钟,1
沙拉变海带,1
跟踪,1
若干,1
15分,1
、像,1
一粒一粒,1
百度外卖，真心不愉快，,1
畅，,1
大好,1
内疚,1
很可口,1
调味汁,1
葱段,1
汤儿泡饭,1
！关东煮,1
掏钱,1
39,1
24，,1
加多宝！,1
盒，,1
藕,1
合谷家,1
嗮,1
里外,1
听不到,1
孜然鸭肉,1
忽视,1
红油猪耳差强人意。,1
苦。,1
坨成,1
药味,1
小面,1
豌杂面,1
杆儿,1
，千叶豆腐,1
叽,1
埋,1
外星人,1
蒸排骨,1
够味！,1
送错单！！！,1
面。。。,1
老头子，,1
差点事,1
水饺,1
，一吃,1
包饺子,1
拌海带丝，,1
！！妈,1
！！！差评！！！,1
，一夹,1
像样,1
，饺子坨,1
官方,1
次快,1
，西葫芦蒸饺,1
，素三鲜,1
悄悄,1
！害,1
万恶,1
优惠券,1
操行,1
养,1
小蛋糕,1
恭维，,1
败絮,1
货品,1
冰激凌,1
扭,1
七,1
冰袋,1
植物,1
！餐,1
绒杯,1
猪毛,1
，板,1
11:23,1
1:27,1
ca,1
45块,1
。花钱买次教训！,1
，口味,1
公交,1
二个多小时,1
迟钝,1
小黄鱼都胡焦了了不好,1
果，,1
！钱,1
，害你爸爸饿仨小时！,1
故障,1
57,1
21点,1
22点,1
？？？？？？？？？,1
二点半,1
一点下,1
上而苦,1
糊塌子,1
提早,1
。腊八，,1
黄叶子,1
奶黄包,1
豆沙包,1
30多个,1
楞楞,1
！扁豆面，,1
18:45,1
17:36,1
19:40,1
！绝对差评！！！差！差！差！,1
盖住,1
哈喇味,1
饭味,1
总部,1
加烂,1
不分,1
忙音，,1
查出,1
去宏,1
，照单,1
收！,1
油油,1
半塑料袋，菜全堆饭盒半边，,1
改行,1
双截棍,1
快，粥,1
二十分钟后,1
纸浆,1
厥根粉,1
没人管,1
订订单,1
毫不犹豫,1
大跌眼镜,1
温突突,1
12:20,1
输液,1
、大失所望,1
钟爱,1
宏状元,1
雪碧，,1
半分,1
小半,1
？连,1
青椒土豆片,1
被迫,1
？店,1
枸杞,1
极品,1
定！,1
牛肉粥,1
咸！！！！！！！！！！,1
太闲！！！！！,1
鸡巴坑人,1
角,1
趁早,1
相口感都极差，,1
土豆肉片,1
催促上,1
实时,1
；饼,1
古老,1
肉酸,1
蒜。,1
，祝饭店早日关业！,1
白水煮,1
？！炒饭,1
！太气人,1
车辆,1
18:30,1
被盗,1
问及,1
报警,1
答曰,1
11:13到14:12,1
分批,1
三四个,1
小土豆,1
四五块,1
苦瓜煎蛋饼,1
）；,1
跟前,1
山药卷,1
海带烧肉,1
如下去,1
，肉饼,1
同一,1
串味,1
红豆软饼,1
必定,1
糊弄事儿,1
一块块,1
王府,1
，排骨扁豆闷卷子,1
齁咸，,1
烤肉，,1
口重,1
，鸭肉,1
一品鸭,1
，汤汤水水,1
合菜,1
豆包？,1
养生,1
3片,1
奶黄包，,1
豆沙包～,1
，土豆,1
试一试,1
惠顾,1
慢一单,1
超差,1
菠萝咕咾肉,1
1我勒个,1
开心滴,1
那一次,1
一刻钟,1
账号,1
折半,1
黑我嘞,1
恶,1
能耐,1
K）,1
错定,1
找菜,1
扳,1
茄条,1
！肉饼,1
硬生生,1
可怜！凉面,1
接订,1
94分钟,1
漏掉,1
跑腿儿,1
手提袋,1
热巧……星巴克错单，,1
真真儿,1
……摩卡,1
美式，,1
小拿铁,1
开场,1
电影,1
奶球,1
星冰乐！,1
一对一,1
抹茶水！！！,1
共计,1
1.3公里,1
大杯，,1
柠檬茶！,1
红梅黑加仑,1
无影无踪,1
铁,1
拿铁！,1
摩卡,1
热巧！咖啡，,1
洒满,1
也罢,1
咖啡！,1
榛果,1
价差,1
目录,1
餐单,1
杏仁拿铁,1
配置,1
方糖,1
浸透,1
理说,1
特有,1
蛋糕盒,1
送错杯,1
！星冰乐,1
冰！！！！,1
星冰,1
乐全化,1
冰块,1
，那咖啡,1
糖！,1
抹茶拿铁,1
赔。,1
1一个半小时,1
？！客户体验,1
grande,1
焦糖玛奇朵,1
特别墨迹！备注,1
挖,1
奶油！,1
超大杯,1
四五次,1
可不可以,1
江浙沪,1
脱脂奶，备注,1
代购,1
汤弄,1
不给力,1
棒棒哒～,1
；厥根粉,1
尖叫,1
切块,1
替补,1
？锅包肉,1
单份,1
金手勺你家血肠,1
软炸鲜蘑,1
呃,1
手勺,1
绳子,1
定金,1
，疙瘩汤,1
水似,1
，蛋炒饭,1
软踏踏,1
呛炒,1
，东北菜，,1
着量着实,1
12:10分,1
二百五,1
辣酱炒鸡肉，,1
鸡头,1
大师傅,1
勾汁,1
京酱丝，,1
酱豆腐汤,1
轮粒儿,1
亲,1
球丝,1
青花,1
八只,1
蝉蛹,1
鸡精,1
，肉丝,1
蛰,1
蛰头,1
手数,1
欺客，,1
一整盒,1
钵仔饭，,1
酥,1
羊肉卷！,1
冬瓜汤,1
冬瓜,1
！锅包肉,1
俩片,1
渣嘴,1
！老子,1
一年,1
。松仁,1
松子,1
顾,1
无限,1
菜价,1
付现，,1
撒满地,1
少辣、,1
。菜花,1
熘肝尖儿,1
，太牙碜,1
葱油饼,1
135分钟,1
错菜,1
贝勒烤肉,1
一礼拜,1
晒,1
，西葫芦,1
土豆丝炒鸡蛋,1
大…,1
一粒,1
午餐肉,1
送错餐，,1
好心情全无，,1
不接，,1
，真垃圾，,1
，狮子头,1
不敢相信,1
瓜子皮！,1
第三,1
项目,1
柴，蕃茄,1
番茄鸡蛋,1
肥牛 番茄,1
先后轮,1
？像喂猪倒甘水,1
6份,1
拎,1
造成,1
另一个人,1
单个,1
混放,1
，蛋,1
……肉,1
疏忽,1
狮子头,1
熟鱼,1
剔除,1
不问,1
干瘪,1
递,1
三文鱼,1
酸汤鱼,1
，数,1
味！！望改进。,1
几年,1
蒜苔，,1
！！配菜,1
，肉末酸豆角,1
热线,1
油炸蟑螂！！！,1
就然,1
米发,1
放全,1
清清楚,1
楚，,1
一坨坨,1
浆糊，炒鸡蛋,1
质素,1
172，,1
望湘园眉州东坡,1
年头,1
只有你,1
辅料,1
家贵,1
四分之一盒,1
陈米,1
腊肉？,1
湘西,1
熏肉,1
不像样,1
真心不错,1
逃荒,1
蒜薹肉末，,1
蒜薹,1
，5星,1
扣门,1
，餐盒,1
好笑,1
三分之一盒，,1
抠门,1
，软,1
，一口吃,1
半两重,1
！差评！差评！,1
好辣，豇豆,1
菜顶,1
大蒜，,1
种地,1
驴肉,1
扒拉,1
。付,1
凭什么呢,1
海带。,1
！坑,1
加一份,1
油麦菜,1
寄,1
干什么,1
写错，,1
编,1
东西。,1
？答,1
室友,1
速度快，清汤,1
荤菜：鱼豆腐、牛肉贡丸,1
香菇贡丸。,1
鱼豆腐。。。,1
泥巴,1
零分，,1
豆芽，,1
一大把,1
荤菜，,1
，米线汤,1
！不过菜多，,1
吸水,1
太晚，米线,1
膨胀,1
大虫子,1
，，生,1
米法子,1
。。。馄饨汤,1
刀味,1
水果沙拉,1
！薯条,1
炸鸡沙拉,1
大失水准。,1
餐！！！,1
山,1
1:52,1
龙虾,1
百度外卖要火啦！,1
青岛,1
芹菜炒肉，菜,1
菜像,1
菜，豆腐,1
骚味,1
焦，牛肉,1
配图,1
，怪不得,1
放？,1
桂鱼,1
荷塘,1
发酸，,1
，薯条,1
西兰花，菜花，鸡蛋,1
微麻微辣，,1
超麻超辣。,1
海螺,1
要死…,1
脆皮蛋卷,1
补货,1
错货,1
纸袋子,1
小食，,1
番茄酱，番茄酱,1
小食,1
根子,1
那么多家,1
麦当劳,1
，鸡腿,1
申诉,1
年龄,1
百度外卖对外卖员,1
番茄酱，结婚餐,1
！！！保温箱,1
出餐,1
，汉堡王,1
德克萨斯,1
荤劲十足爆牛堡，,1
烟熏,1
条,1
番茄酱！！！！！！！！,1
甜辣酱！！！！,1
辣酱，差评差评差评,1
有点化,1
回生,1
71分钟,1
接点,1
多！！！,1
大力,1
大薯条。,1
报丧,1
偏低,1
拍门,1
递给,1
纸团,1
攥,1
没样,1
凑和,1
中薯,1
。。。餐,1
晚。,1
cheese片,1
︶）,1
！CBWD,1
三星。,1
超时！,1
宁可多,1
仓促，,1
开封,1
塑料盖,1
膜,1
？！干,1
皇堡,1
皇堡，,1
bbq,1
好人,1
团餐,1
荤劲十足牛堡,1
小皇堡,1
！特意,1
一部分,1
炫辣,1
退保,1
就该,1
怪不得,1
酱！,1
微波,1
标识,1
，望,1
9:24,1
选用,1
享,1
踩着,1
11:28,1
12:19,1
出了问题,1
快餐，,1
11:34,1
分下单,1
12:59,1
，实话实说,1
给你好评,1
吧，送餐,1
交流,1
湿软,1
零,1
男性,1
手面,1
荤劲牛堡,1
胚,1
，递,1
薯条，,1
番茄酱！,1
错路,1
百度好评,1
，极,1
宁可,1
天，冰,1
半桶,1
冰！！！,1
声音,1
19:25分,1
哈气,1
捏,1
68分钟,1
取经,1
！！快递真牛逼！,1
西天,1
钱？？？？？？？,1
药味儿,1
气，,1
七喜，,1
，鸡翅，鸡肉堡，,1
（）。,1
，纸,1
年纪,1
潮,1
芝士肉酱薯难吃至极,1
均,1
洋葱圈，,1
淘宝,1
小好意思,1
凸,1
俩钟,1
｀0 ,1
丁丁,1
芬达,1
牛堡,1
蘑菇芝士汉堡,1
汉堡，薯条,1
碎屑,1
十天,1
撤销,1
周期,1
信用,1
么……,1
裏,1
薯條,1
，范,1
太肉,1
高峰，,1
连锁,1
！鸡柳,1
吓唬,1
，帐,1
11:32,1
！望,1
明细,1
番茄酱……,1
沙拉酱！,1
么！？,1
么！,1
猛猛,1
芝士、,1
起点,1
订餐、,1
美观,1
送应该,1
五十多块,1
汪汪,1
朝,1
方向,1
目标,1
指示,1
在于,1
中号薯条。,1
星。,1
大薯条，,1
大薯，,1
150,1
穿,1
一到,1
心塞,1
荤劲十足爆牛堡。,1
嚓,1
熟门熟路,1
汉堡。。。。,1
。汉堡,1
洋葱圈,1
完了还,1
转派,1
太干！,1
水煮肉片,1
铁板烧汁茄子,1
面面,1
香干,1
脆干！,1
空壳,1
爪子,1
扬州炒饭,1
，鱼刺超级多，,1
两条,1
鱼缸,1
锦鲤,1
直视,1
鱼肉,1
32块,1
红烧鲫鱼,1
沙，,1
嗦螺,1
剁椒鱼头,1
酸菜鱼，,1
腥味儿,1
鲫鱼汤鱼,1
咕嘟菜,1
牲口,1
鱼籽,1
27,1
难吃。,1
晚上7点,1
下午5点50,1
羊杂汤变砖块，,1
，汤面,1
干锅千叶豆腐,1
TMD,1
，红烧鱼块刺,1
，毛肚牙碜，料,1
特多，,1
毛血旺里火腿差，肥肠,1
损,1
。嘴,1
退半价,1
透。,1
银行卡,1
称,1
冒冒,1
追踪,1
车祸,1
请谅,1
解。,1
失失,1
诅咒,1
很赞，,1
，比必胜宅送，差远了。起码,1
分成,1
两半,1
意大利,1
全粘,1
白面饼,1
彼岸,1
四点半点,1
39分,1
港丽,1
溶掉,1
失望，奶茶,1
叉子。,1
塌掉,1
6点22,1
6点20,1
颠散,1
用不着赶时间,1
餐园,1
固态,1
20:46,1
，肉酱面,1
20:47,1
处在,1
自备,1
培根饭,1
腊肠…,1
黑椒牛,1
百度外卖体验，,1
蟹段,1
锋利,1
戳,1
餐具袋,1
出血,1
强行,1
鲶鱼,1
！！！！！！！！！！！！！！！！！！！,1
！！！！！！！！！！,1
能做到,1
别针，,1
别针,1
把把关,1
经常点,1
黑椒牛柳饭,1
海带炖肉,1
天热！饭、肉、菜凉。,1
吃货们,1
为止见,1
目前,1
11层,1
十一点40多时,1
结构,1
15分钟后,1
排看,1
牛柳,1
三只,1
蚂蚁,1
赤裸裸,1
鸡排，,1
夹生饭,1
挑，,1
苦瓜炒肉,1
虾线,1
仔鸡,1
放。,1
，红烧排骨,1
排骨套餐，,1
德。,1
十几,1
丽华快餐，,1
票,1
补票,1
，晕菜,1
苦瓜,1
只见,1
，肥肉特多，菜,1
组织,1
糖醋里脊裹,1
牢固,1
没好过,1
118分钟,1
预览,1
替,1
高。,1
分装,1
滥竽充数,1
给口重,1
磨蹭,1
腥臭,1
开，,1
偷税,1
税金,1
税！,1
。。TM,1
吃飯,1
熱了，因為,1
遲,1
，飯,1
將近,1
網,1
說,1
退送,1
任意,1
錯嗎,1
費，,1
12:11,1
12点30分,1
大排饭，,1
11点57分,1
12点40分,1
顺口,1
丽华贵宾卡,1
好久好久,1
过季,1
看上去,1
三十元,1
！！海,1
碎掉,1
几种,1
略素,1
炸鸡腿，,1
麻辣子鸡,1
，太,1
88,1
荷包蛋,1
第一餐,1
丽华饭,1
拉、,1
传到,1
窝笋肉片,1
这么多年,1
分担,1
鸡片,1
极少,1
瞻仰,1
可怜。米饭,1
You,1
鸡肋，,1
一小方块,1
正品,1
论如何,1
为主,1
绝大多数,1
恐怕,1
——,1
真空,1
2素,1
3荤,1
可怜巴巴,1
，I,1
荤2素,1
学习,1
下饭,1
奥尔良鸡排,1
荤菜杏鲍菇,1
一整包,1
：咸,1
咸。。,1
声明,1
一再,1
第几次,1
肥肉烧肉！！！！,1
？！差评！！！！,1
北三环,1
南五环,1
有点味,1
多一点别,1
天壤之别,1
赶不上,1
怕是,1
人气,1
研究,1
，次次,1
做主,1
定别,1
，鳕鱼,1
，屮艸芔茻！！！！！！！！！！！！！,1
找麻烦,1
荤几素,1
坑。,1
挑动,1
的确实,1
丽华快餐,1
订还不错，,1
较好,1
快点儿,1
清炒油菜,1
菜帮子。,1
baidu,1
变化,1
工作日,1
半荤三个,1
半素,1
卫生。,1
几十年,1
字样,1
有样子,1
贵菜,1
菜丰富！,1
小苏肉,1
不等量,1
开具,1
配套,1
百度外卖+丽华快餐,1
，男,1
盛满，米饭,1
晚于,1
名过其实,1
味、牛肉味，不名物,1
炒生菜,1
嗖嗖,1
顶,1
牛肉饼,1
小拇哥,1
无数回,1
酱肘子千层饼,1
小半盒,1
韭菜盒子,1
大包盒,1
山药砂锅粥,1
排骨粥,1
哭，,1
，味精,1
小米粥。,1
小米粥，,1
。锅贴,1
私人,1
！咸菜牙碜！粥,1
枣核,1
！芝麻粥,1
芝麻,1
好生硬,1
难度,1
吧，草泥马,1
下午四点,1
百度外卖太SB,1
屋子,1
自营,1
动辄,1
了解,1
黑芝麻糯米粥,1
黑芝麻,1
榴莲班戟,1
家奶,1
油化,1
居民楼,1
客？,1
蔬菜，滑蛋,1
时差,1
干炒牛,1
满处,1
展会,1
好远,1
哈拉味，汤,1
流沙包,1
不适宜,1
外包,1
卤子,1
中学,1
，告诉我,1
蜜汁叉烧,1
延时赔偿呢？,1
五一,1
瘦肉粥，,1
海参,1
巴西,1
布丁！,1
修车,1
汗,1
！极柴！,1
蕃茄酱,1
这道菜,1
。牛,1
。。。水煮牛肉,1
汤，肉贵，,1
舍得,1
蛋糕忌廉奶茶,1
廉奶茶，,1
忌,1
清汤,1
米线？,1
油泡包菜，,1
涮,1
煮面,1
清水,1
米线味,1
眼泪,1
甜不唧唧,1
北京豆付，,1
细査，,1
一整坨,1
贵妃宫爆鸡,1
……巨甜,1
～奶酪,1
……狂汗……,1
化成,1
31，,1
令人发指,1
非多,1
义无反顾,1
失,1
牛炖！,1
剔,1
辣椒，排骨,1
含量,1
，老板！,1
大一块,1
26,1
纯净,1
不饱。。,1
纯净水,1
，外卖部划算。,1
33块,1
，生菜,1
牛肉条，,1
失望。,1
锅巴，真锻炼牙口！,1
。流沙包,1
打包袋,1
B。,1
退少,1
一个半盒,1
段明明,1
两个半盒,1
！溜,1
鸡头鸡,1
梧桐花,1
东边,1
地三鲜，油油油,1
差巨,1
，卫生，,1
东北乱炖,1
合伙,1
手撕猪肉量,1
洋葱，差评，,1
欣慰,1
北方人,1
菜，肥肠,1
掏,1
为由,1
定单私自提价，,1
宫爆鸡丁儿,1
一块一个,1
几分钱,1
5分钱，,1
批发,1
太次！,1
手撕,1
东北拉,1
小米椒,1
肉味,1
蜀湘饭,1
巨油！,1
辣子鸡丁，,1
麻辣豆腐！,1
，涩，难看，,1
胡味儿,1
红,1
芹菜炒肉，,1
辣椒皮，芹菜,1
1:30小时,1
土豆牛肉,1
牛肉筋,1
不好吃～,1
猪头肉,1
孕妇,1
！光,1
粗心大意,1
，青菜炒饭,1
，酸味,1
很次,1
质味,1
，笋丝,1
恐怖,1
滴滴,1
指甲,1
醋溜,1
酸辣土豆丝酸,1
。。。肝尖,1
107分钟,1
汤多,1
暖暖哒，,1
现如今,1
心头,1
消去,1
235,1
差额,1
205,1
99,1
93,1
牛肉酱,1
一半连句,1
推说,1
末面,1
成一团,1
茄子肉末饭,1
茄子肉,1
抽烟,1
清，,1
装错，,1
认同,1
路痴,1
启动,1
即便,1
模式,1
摸,1
详单,1
凉水,1
，冰豆浆,1
卤,1
付费,1
超乎,1
，牛腩饭,1
呢，半亩园,1
，粥还行。,1
道路,1
饭挺好,1
酸菜白肉,1
少量,1
9次,1
干活,1
白拿,1
发短信,1
管理层,1
拒绝,1
，气人玩,1
前2分钟,1
单面,1
蛋！,1
13点31,1
蘑菇鱼,1
罐头,1
钱！！,1
煎蛋，,1
蔬菜沙拉,1
6样,1
七点一刻,1
吧？！饭,1
，东西量少，,1
，烂菜叶子。,1
泡菜五花肉饭,1
去哪里,1
没味儿！,1
末,1
2遍,1
姜当蒜，,1
，辣牛肉,1
，量比,1
牛肉咖喱,1
都凉勒，,1
标准,1
十万八千,1
五花肉饭，,1
11点31,1
污损,1
疲惫,1
十来厘米,1
长头发,1
有点酸,1
……拌饭,1
溫,1
不管用,1
，沒,1
荞麦。,1
荞麦面，,1
五花肉饭,1
！桔梗特难吃。。,1
54,1
。花,1
记错,1
正一味外卖！,1
兄弟,1
，长,1
街，,1
附一份,1
两元,1
芝士饭,1
几通,1
，中途,1
！多,1
一举,1
缘故，,1
哑巴,1
活生生,1
耍流氓、、、牛肉,1
超级差劲，饭,1
平淡,1
拒,1
担面,1
，果仁菠菜,1
，担,1
版本,1
过低,1
韩式辣酱,1
下手,1
爽口萝卜！,1
餐…,1
还付,1
铁门,1
热饮，,1
华茂,1
，萝卜,1
出彩,1
黄油,1
眼瞎！！！,1
巴,1
难看,1
外婆家,1
巴。,1
12点16,1
11点20点,1
事。,1
，俩,1
10次,1
抢到,1
，西多士,1
大伙儿,1
不对味,1
嘴沙子,1
瓜子皮,1
五次,1
，三番,1
一次少、,1
，葱,1
1分钟,1
醋。。,1
粘住,1
吃醋,1
五体投地,1
坑点,1
烧茄子，,1
葱烧木耳，菜,1
气愤！,1
宫爆鸡丁盖饭，花生,1
还不错！！！,1
宫保鸡丁盖饭，,1
肉末炒粉，,1
宫爆鸡丁辣椒,1
26元,1
牛肉水饺，,1
，手抓饭,1
一罐,1
辣椒油吧，,1
麻,1
抓饭,1
，！,1
购餐,1
教训,1
蒜酱。,1
七种,1
21种,1
米和菜,1
三四样,1
干豆腐肉燕鸭血年糕,1
送错了还,1
懵,1
恶意,1
麻辣烫特次,1
粉条子,1
两次点,1
尽然不,1
，烂，,1
烂，烂,1
开会,1
陪笑,1
拿餐,1
埃顿熊,1
比如,1
幌子,1
总会,1
96,1
重样,1
吖！！！！！！,1
菜汤子，,1
内外,1
冻豆腐,1
装好,1
，差差评。,1
3双,1
管送,1
。不开,1
常常,1
辣子鸡丁,1
微辣。,1
推辞,1
尖椒肉丝,1
自封袋,1
肉筋，,1
边角料肉，,1
场子,1
几串,1
一丁点,1
红柳，,1
两串,1
三串,1
手撕鸡干,1
进味,1
，残念，,1
然并卵,1
凉。,1
，四季豆,1
三四个小时,1
捉急,1
3个小时10分钟,1
好累,1
蒜…,1
吊,1
…微辣,1
一大盒,1
长豆角,1
传达,1
注解,1
高分,1
金针菇,1
挣,1
土豆皮,1
调味还不错，牛蛙肉老，米饭,1
边长,1
剁椒。,1
，费,1
死扣,1
拴,1
。。。。。鸡,1
炒菜，,1
油渍,1
姐,1
半卷,1
满盒,1
30下,1
。退,1
单电话,1
麻辣，菜,1
蒜香,1
司,1
30个,1
153分钟,1
漏电,1
花样,1
丢餐,1
sh1t,1
7月7日,1
保质期,1
21天,1
粘巴巴，,1
得实,1
咸。肉,1
太热,1
胀,1
！巨难吃！巨难吃！,1
正经,1
咒,1
假话,1
渣了，,1
醉死,1
电车,1
得了呗,1
8点半,1
13点24,1
11点12分,1
牙！！！！,1
，蛙皮,1
干锅牛蛙,1
黄焖鸡。,1
髒,1
食物盒,1
么。。。鸡脆骨,1
松,1
单炒,1
9:35,1
辣牛蛙,1
，板筋,1
，烤串,1
绝望,1
7:40,1
很难吃,1
腿儿,1
颠,1
大桶,1
青,1
苹果汁,1
最最,1
水吧,1
实说,1
服务生,1
糖精,1
懒散,1
牛蛙肉,1
有特意致,1
“奶茶,1
加水,1
重油重辣，烧饼,1
商场,1
至多,1
。包,1
忘点,1
鸡翅。。。,1
来得,1
露露,1
咸苦,1
太厉害,1
，饿一,1
完蛋,1
还晚,1
19层,1
三小时二十分,1
挑战,1
松懈,1
一个半多,1
省钱,1
75%,1
蓝翔,1
新东方学,1
？懂,1
受得,1
干锅土豆片,1
透顶,1
牛奶,1
2元,1
近一小时,1
南豆腐；,1
呈现,1
卖相，；麻婆豆腐,1
地沟,1
多。。。,1
油渣,1
辣炒花蛤,1
注意吧！菜,1
牛板筋,1
！麻烦,1
太气,1
2B,1
总送错，,1
能行,1
11.30定餐,1
1.00,1
过下,1
单，快,1
6月16,1
18810547705,1
晚五点半,1
？逗,1
程序,1
辣！！！I,1
有些事,1
顶多,1
1.10,1
要死，呵呵，,1
走下去,1
肉末茄子…,1
花生！,1
毛豆,1
盖饭王,1
摩西,1
心想知道,1
五分多钟,1
，IT男,1
10%,1
30%,1
40%,1
20%,1
手撕包菜盖饭,1
豇豆，,1
顺待会,1
好坏,1
草莓汁,1
酸梅汁,1
想不想,1
蜜汁鸡翅,1
烤馒头片,1
根部,1
橙,1
木签,1
超小，,1
干锅手撕鸡，,1
牛筋面,1
！！！差评！！！！！,1
煸,1
，酸梅汤杯,1
凉皮。。。。。。。,1
麻酱牛筋面，,1
腥哭,1
，鱼,1
肠胃炎,1
咳嗽,1
青菜，,1
！”,1
礼貌，,1
：“餐,1
。。。。差评！！！！！！！！！！！！！！！！！！！！！！！,1
连连,1
两颗星,1
煤油,1
龟,1
延长,1
，差差差，,1
漏餐，,1
？？钱,1
片木,1
。TM,1
角落,1
！骨肉,1
太辣，备注少辣没用…………,1
少送,1
烩菜,1
东北,1
离谱，,1
晚点晚,1
死少。,1
10点10分,1
么。。,1
44分钟,1
104分钟,1
1个小时14分钟,1
太忙，,1
仔细看,1
又一次晚,1
饭钱,1
土豆炒腊肉,1
土豆炒土豆，,1
如有,1
改进会,1
137分钟,1
！？！,1
一份米,1
，小炒香干,1
酸萝卜,1
酸萝卜鸡胗饭，,1
太！,1
5点10分,1
家店,1
冲突,1
火腿肠,1
混杂,1
四种,1
茴香鸡蛋茴香,1
素什锦干嘛！！！,1
前提,1
致歉,1
凑单点,1
外卖单,1
回信鸡蛋,1
断断续续,1
…腔骨,1
腊八蒜呢？,1
这么久,1
皮真厚,1
素什锦,1
虾仁！！！,1
，略,1
24块,1
薄片,1
混装,1
很反感,1
交待,1
马虎，,1
陪餐,1
小年,1
吃素,1
日本豆腐，难吃。,1
小葱拌豆腐,1
！醉,1
生白菜,1
韭菜鸡蛋,1
维生素冒牌货,1
可会,1
1天,1
病,1
上调,1
贴上,1
腰疼,1
坐地起,1
，撒,1
5种,1
特异,1
伺候,1
39元,1
免运,1
宅急送，,1
，年,1
鸡米花,1
忙情有可,1
没信儿,1
销售,1
迟，,1
不通…,1
？光,1
？醉,1
太笨,1
醋溜土豆丝,1
百度骑士,1
导航,1
太差，汤,1
。。。糖醋小丸子,1
订饭，,1
投,1
蛋汤,1
不达标,1
达标,1
盐，油特,1
出生,1
快钱,1
，合,1
最古老,1
餐箱,1
好评！,1
，砂锅豆腐,1
口热,1
少。。。。,1
番茄里脊，,1
十二块,1
辣椒！,1
有事儿,1
！！！果断差评，,1
气死人不偿命,1
干。肉夹馍,1
米量,1
馍硬。蛋炒饭,1
一……,1
恼怒,1
新手,1
仅,1
限,1
毛毛虫,1
戈壁,1
姥姥,1
更重要,1
马勒,1
麻辣豆腐,1
。烧茄子,1
，菜味,1
塑料袋。。。回锅肉,1
下边,1
油，鱼香肉丝,1
肉丝炒饼,1
算了吧,1
六七块,1
，牛肉羹,1
不搞,1
便宜，,1
六个,1
酸辣瓜条，,1
半毛,1
少，干锅,1
三分之一盒,1
一年多,1
黄豆,1
，铁板肉酱豆腐,1
准备菜,1
四季,1
，干煸,1
谨慎,1
良好,1
足，豆腐,1
前一秒,1
一秒,1
百度外卖、,1
举动,1
、溜肝,1
生硬,1
熟量,1
差一,1
现在两点十五,1
上两个小时,1
呢！！！,1
欺诈,1
半折,1
三十七定,1
16点,1
4磅,1
49块,1
刀！,1
3点到5点,1
8月28号,1
工坊,1
烘焙,1
凑巧,1
腹泻。,1
味多美,1
死你。,1
笑话,1
为此,1
明明约,1
9，,1
168元,1
12种,1
糟心。,1
咋办,1
挻,1
酸味，,1
，真倒霉。,1
乱接单,1
下午1:30,1
愧疚,1
象征性,1
要命！,1
彩虹蛋糕，色素,1
赐,1
下一次,1
麽？,1
亲戚,1
最长,1
00点,1
庆生，,1
奶油。,1
冰淇淋，,1
榴莲，,1
198,1
下午5点15,1
，郁闷,1
散架,1
冷藏,1
3小时内,1
蛋糕店,1
堵,1
5:50,1
敷衍了事,1
14点14,1
2丝,1
火，,1
自带,1
破口大骂,1
！泡菜,1
！沙拉,1
泡菜汤！酸,1
换换,1
剌激,1
。仔,1
盖紧，,1
细看,1
？？？汤,1
忘放,1
芝士。。。,1
结合,1
订菜,1
12345,1
最后好不容易,1
，汤撒,1
当家,1
纤维,1
蕨菜干，,1
豆芽、粉条,1
麻麻点,1
礼拜六,1
！！？,1
……米饭,1
菜……,1
临界点,1
2片,1
，辣白菜五花肉,1
不齐,1
丸子汤,1
打折扣,1
，炒米条,1
假钱,1
还尼玛,1
38餐,1
耐吃,1
五折…,1
2点55,1
两三片,1
d,1
！日,1
酱，酱,1
，好少，,1
。比,1
！比,1
炒米条,1
拌饭酱，,1
肥肉，米条,1
速度快，五花肉,1
韩式鱿鱼饭，,1
玲珑,1
，胡萝卜丝,1
胡萝卜丝，,1
鬼！！！石锅拌饭,1
不能吃,1
点饭,1
裙带菜，,1
哪样,1
，送到,1
味觉,1
淡水,1
大酱汤，太难吃，,1
！特稀！菜少！清汤,1
双双,1
差多啦！,1
无数遍,1
！恶,1
踏进,1
喜盒,1
鸡肉丸,1
吃亏,1
跳。,1
房,1
不礼貌,1
题,1
千年,1
东,1
滴，送餐,1
干面,1
打点滴,1
急性肠胃炎！！！,1
牛肉拌饭，,1
两位,1
诊断,1
！太特,1
部门,1
！子！连拉带吐！,1
！肚,1
，心塞,1
一小条,1
牛肉丝儿，,1
名,1
副实,1
這,1
著,1
自行,1
準備,1
裡,1
。炒年糕還行。,1
拌飯,1
米飯,1
版块,1
声誉,1
打给,1
。遂,1
30号晚,1
3月28号,1
晚上9点10,1
25第一次,1
3星吧，勉强及格吧。,1
不取餐，,1
距离家,1
要死！！！,1
坑，,1
，强,1
巨慢巨慢巨慢！！！,1
慢太多,1
提炼,1
冷面汤,1
，中式,1
麻痹快,1
。真行。,1
100块,1
川菜，牛肉汤油,1
实体,1
普洱茶,1
汤汤,1
，送晚送少,1
不减,1
2：汤,1
，大哥,1
3：,1
1：,1
目的,1
好气,1
！！！差,1
…：,1
一逼，体验差，名不副实。,1
！！！！！忙,1
外卖版,1
豆芽泡菜,1
趁,1
吐下,1
凌晨4点,1
泻！,1
没感觉,1
。，,1
，脏兮兮，炒饭,1
芝士！,1
！失望！,1
踹,1
菜，油汤,1
问道,1
餐，餐,1
慢来,1
查查，,1
慢，尼玛,1
未必,1
可耻,1
一部,1
看完,1
霍3,1
郊区,1
市中心,1
据,1
狂奔,1
烂！！！！！,1
送货奇慢，,1
罐,1
慢近,1
45min,1
内心,1
冷餐,1
道儿，,1
意识,1
。辣牛肉汤，,1
星子,1
小学生,1
家正一,1
2.5公里,1
5.第一次,1
劝告,1
认出,1
寒！,1
米太软了，,1
感觉不到,1
无语。辣酱包,1
纯凉,1
一小时以上,1
大锅,1
，节省,1
鱿鱼条,1
也好,1
鱿鱼拌饭,1
捉弄,1
？！饭,1
一点点点儿,1
色菜,1
7元,1
一听,1
委屈,1
，辣牛肉汤,1
凉冰冰,1
17分钟,1
四五片,1
，米超,1
我喜欢,1
一点四十,1
吃硬,1
躲,1
避风,1
不务正业,1
爪,1
小虾,1
一小个,1
123分钟,1
！！死难吃！！,1
零三十五分钟,1
，五花肉泡菜,1
去找,1
零钱，,1
。差差差！！,1
煎熬,1
湿乎乎,1
三回,1
心醉,1
人品,1
跌破,1
低点,1
二十几通,1
忙。,1
受不鸟,1
幻觉,1
86分钟,1
·,1
顶上,1
堂食差,1
面类,1
一群,1
摆渡,1
活儿,1
soho现代城,1
建外soho,1
抽调,1
利益,1
“正时,1
吧，真心不辣，,1
吃了看,1
级别,1
反聩,1
呵呵。,1
洋葱。。。,1
沙拉、,1
一份半,1
新人,1
超级慢！,1
回事儿,1
5条,1
肥牛石锅拌饭，,1
象,1
一帮,1
晕头转向,1
一干二净,1
不饱。。。,1
﹉,1
这么多家,1
街,1
出错,1
狠,1
咽。,1
可言,1
正一味！！！,1
忘带,1
粗糙,1
慢，正,1
暂停,1
。辣牛肉汤,1
观,1
远，汤,1
好慢，,1
真不容易,1
虾仁。,1
去过,1
青口,1
香。,1
蟹肉棒（,1
咖喱皇海鲜，,1
主料,1
极小,1
为准,1
？（,1
警告,1
咖喱鸡肉！饭菜,1
冬阴功汤,1
四只,1
两只,1
吧唧，,1
咖喱鸡肉么？,1
黑椒鸡肉！,1
咖喱鸡肉！,1
！水,1
咖喱鸡肉,1
滋,1
水汽,1
，东坡饭,1
早知,1
浸泡,1
两秒,1
46,1
？）,1
姿势,1
到付款,1
成货,1
15个工作日,1
账,1
找零往,1
结果餐,1
149分钟,1
开水,1
。剩,1
咖喱牛肉饭，,1
沙拉酱。。。,1
下午14点半,1
黑心商贩！,1
严惩,1
19:35,1
事先,1
。。。比,1
东坡饭,1
较于,1
宫保据说,1
错觉,1
鳗鱼,1
鸡腿堡,1
腥，,1
西餐,1
辣五花石锅拌饭,1
韩式 菜汤還,1
时间长。,1
時候飯涼涼,1
著實,1
什锦蘑菇饭,1
不符，,1
全程,1
不好意思来晚,1
三里屯,1
害怕,1
一百,1
潇湘阁,1
讨好,1
树根,1
？！！？饭,1
牛气，,1
14:52,1
，透,1
烤牛肉，,1
粉丝？,1
石板,1
粘稠,1
A,1
pp,1
5555,1
冰锅拌饭！！！,1
13点30,1
花肉,1
银座,1
土豆泥，,1
小黄瓜。。。。。。。。。,1
蛋羹！！！,1
蛋羹！！！蛋羹！！！,1
雪碧。,1
鸡蛋羹,1
蓝莓汁,1
汤泡饭。,1
密封装,1
堂食，,1
不？,1
全麦面包，,1
白面包。,1
列表,1
金枪,1
没道理,1
蛋酱,1
！外包装,1
外卖箱,1
崩,1
真心酸,1
蛋黄酱,1
照烧鸡,1
火鸡胸三文治,1
超级干！排骨,1
餐盒费,1
甜汤,1
冰糖雪梨粥,1
會,1
難,1
五只,1
找出,1
皮蛋排骨,1
炎，,1
体现,1
索然无味,1
固元粥，小米粥,1
千方固元粥,1
小米粥还行，,1
米特硬，,1
南瓜粥，绿豆粥,1
良少，,1
瘦子,1
蜻蜓,1
屎吧！,1
烦躁,1
摇滚,1
46块,1
五六次,1
自己人,1
司机,1
白哗哗,1
141元,1
．,1
冬笋,1
原料,1
查查,1
严肃,1
肉！,1
九转大肠,1
咱家,1
鲜果西米露,1
鲜果,1
南瓜露,1
地瓜片,1
冒菜,1
五星，,1
魔芋,1
吃一吃,1
麻辣凉面,1
麻辣凉面。,1
麻，,1
秋葵菜,1
1小时27分钟,1
费劲,1
。真后悔！！！,1
易拉罐,1
退费,1
多嘴多,1
舌,1
没感觉到,1
66,1
61,1
接递,1
找我,1
从始至终,1
中餐,1
26分钟,1
七喜,1
，差！,1
裙带,1
，象,1
，不象,1
13:25,1
亮瞎,1
17:50,1
附,1
温凉不盏。,1
2.47,1
？卧槽，,1
毛啊？,1
紧张,1
失踪,1
，炒鸡蛋面,1
山西刀削面，卤蛋、豆腐,1
肠。。。,1
满当当,1
动静，,1
茶花,1
鹌鹑蛋，,1
叫做,1
老少,1
？鸡枞菌,1
，竹筒饭,1
过桥米线,1
38块,1
鹌鹑蛋、鸡纵菌、里脊肉、鸡肉片,1
咚,1
云腿,1
脊梁,1
昧,1
云腿。,1
真的好,1
，鲜花饼还行，穿心莲,1
不成样,1
责任心行,1
鲜花饼,1
，炒饭咸死，,1
菠萝饭,1
肥牛，干巴巴,1
白米线。,1
1片,1
另装,1
白米线,1
云,1
，毛,1
鸡枞,1
菌,1
意在,1
吧，黑三剁,1
筷子。,1
抢钱,1
两坨,1
50块,1
往上,1
玫瑰饼,1
，偷工减料！！！！,1
绿,1
鸡肉，藕丁，鸡枞菌,1
重量,1
竹筒,1
一并,1
丁丁辣椒，一丁丁鸡蛋,1
黑三,1
抗议,1
丁丁酱油,1
剁,1
？肥牛？里脊,1
番茄肥牛，,1
另加,1
！！！特別糟糕！！！！！！！！,1
餐還來,1
nmd,1
個東西歸龜,1
拼盘,1
过去二十分钟,1
辣炒肥牛,1
花，,1
16:00,1
，然并卵,1
，一拿,1
分层,1
炸鸡块,1
心塞！！！,1
饶人处,1
饶人,1
鱼香茄子，,1
跑到,1
么？总得吃饱吧？,1
收，坑，,1
三片,1
软绵绵红,1
五花肉石锅。肉片,1
快，饭,1
天际,1
热量,1
迷路,1
突破,1
致癌,1
算什么,1
，真逗，,1
。大酱汤,1
味儿。,1
血。,1
短期,1
认识到,1
不要说,1
这玩意,1
荞麦冷面,1
层,1
串串,1
油臭味，,1
炸鸡？,1
浇汁鸡翅。,1
炸鸡么？芝士,1
。茄汁鸡肉,1
18分钟,1
鸡蛋饼,1
跟说好,1
堪忧,1
三岁,1
右,1
13点12分,1
安门,1
牛街,1
辣白菜！,1
大酱汤汤,1
真心贵,1
被毁,1
。海鲜豆腐汤,1
变味儿,1
死。,1
五花肉泡菜饭,1
怀念,1
炸虾片,1
童年,1
虾排,1
难吃，秘制,1
蒸米饭，,1
，炸鸡,1
很可惜,1
这么难吃,1
软绵绵,1
惊人，炸薯条,1
金枪鱼沙拉,1
八点二十,1
！餐盒,1
酱。,1
秋葵卷,1
配点,1
紫菜卷,1
五岁,1
没过,1
热辛苦,1
，比正,1
裂口,1
29分钟,1
～石锅拌饭,1
死光光！,1
硬菜,1
88分钟,1
地丸子,1
炸薯条,1
，大热天,1
乌冬,1
炒乌冬面么？,1
腐烂,1
泡菜，。。。呵呵，再见。。,1
堂食比,1
2包,1
89,1
肥牛盖饭，石锅鸡饭,1
石锅牛肉饭,1
香菇鸡丁,1
吉野家妥妥,1
25！,1
肯德基麦当劳,1
！！薯条？？？嗯！,1
？味儿,1
巨腥,1
马马虎虎,1
，芝士年糕,1
，年糕,1
一一,1
五十米,1
，蔬菜沙拉,1
穿心莲,1
绿，,1
认。,1
鸭梨,1
找事,1
忠告,1
唔,1
！烤鸭,1
难吃…,1
小事,1
肉皮冻,1
猪毛！,1
1:05,1
12:29,1
原定,1
12:35,1
，足足晚,1
计时,1
不肯,1
别弄,1
项,1
有本事,1
。狮子头,1
油块,1
降近,1
苦！,1
七八根茄条,1
菜花，,1
纯肉，,1
坑人，,1
酸菜鱼,1
一小份,1
。明明,1
山楂酱！排骨豆角,1
梨,1
削皮,1
排骨，豆角,1
雪梨，,1
尾部,1
失败！,1
^*)。。。。,1
★,1
评价吧，哎，,1
矿泉水,1
狗狗,1
鱼杂豆腐,1
火爆,1
破海鲜炒饭,1
绿豆,1
29元,1
红烧肉饭,1
鸡爪,1
能找到,1
妈呀,1
香辣鱼块,1
41,1
剧烈,1
运动,1
挤压,1
12:17,1
半价，,1
小利，,1
同情,1
形象,1
全价,1
初期,1
味儿还行，,1
星星,1
，榨菜肉丝,1
酸菜鱼！,1
菜，鱼,1
姜蒜！,1
辣，土豆丝,1
袋牛肉干,1
多好多,1
五小块,1
一桶,1
猪蹄，,1
贵。,1
下没,1
回锅肉盖饭！！！,1
13:40,1
……真棒……,1
红烧茄子,1
炖肉面,1
皮冻,1
肉皮汤,1
炸酱面坨,1
样子……差评！,1
直犯,1
银耳莲子羹,1
喘,1
呼哧,1
口声,1
，嘿，,1
就结束了,1
？口,1
昨天中午11:34,1
彩豆……,1
写好,1
单方面,1
晚四十分钟,1
情愿,1
气愤，,1
！太无语,1
，差，差，,1
外婆,1
静！！,1
发指,1
菜次,1
关单,1
！果,1
断退,1
怀挺,1
少找我,1
毛啊，,1
课,1
塑料纸,1
零钱不够,1
。。。。老子,1
，干巴巴。,1
；排骨汤,1
烤翅，mini,1
？？？？？2,1
鉴于,1
号称,1
十来分钟,1
维持,1
差评。,1
任性！10m,1
nb,1
，S,1
habby？,1
，花生,1
第三第四次,1
重辣,1
，坑人,1
迷迷糊糊,1
锁骨,1
久久丫,1
對,1
鴨,1
脖,1
確定,1
主题,1
重辣鸭头,1
腐竹，,1
，辣味,1
偏颇,1
单里,1
浓。,1
4片,1
？咸鸭蛋,1
无辣不欢,1
19点25,1
……万幸,1
？！卧槽,1
，燃,1
。钟水饺,1
粤菜,1
河,1
牛马,1
相及,1
虾！,1
蒸排骨，,1
蒸凤爪,1
踩点,1
凉皮难吃至极佐料,1
。坨成一团,1
世界上,1
夜,1
米皮,1
付款方式,1
资格,1
百度外卖？？？,1
胡萝卜,1
死心,1
春卷儿,1
想不到,1
凉皮油了吧唧，,1
不秘制,1
胡椒粉,1
混沌，,1
不善,1
掏空,1
烤翅，,1
肉吧，,1
残样,1
，米粉汤,1
，秘制,1
硬坨,1
，油条,1
一小时10分钟,1
腥。,1
剪,1
特制,1
肉夹馍！！！,1
凉皮………,1
炎炎，,1
。羊肉泡馍。肉夹馍,1
南瓜饼。,1
坑人！比,1
，吃肉夹馍,1
酸辣粉拉=拉肚子，肉夹馍+凉皮,1
肉夾馍,1
，鸡蛋汤,1
凉皮很难吃，很失望，混沌,1
发麻,1
萝卜条肉丝，凉皮,1
饭前,1
商量,1
酱紫。,1
凉皮里汤,1
南瓜饼压大一圈！,1
漏光,1
耍。,1
影。,1
猴,1
晚上八点,1
西二旗,1
。肉夹馍,1
堆积,1
吵架,1
长短,1
放服,1
巨恶心,1
送餐块，肉夹馍,1
三鲜补好。,1
25元,1
18.85元,1
炸酱面沱了，,1
说过,1
！太“神速,1
电！,1
84分钟,1
，饭太难吃。。。,1
无别,1
难吃，肉夹馍腻死，骨肉,1
胡椒干嘛,1
时间段,1
凉皮。。。,1
嗯嗯，,1
皮子,1
条，,1
加盟店,1
，城,1
学学,1
，回龙观,1
，蛋黄,1
肥肉，杭椒皮蛋。。。,1
。。。凉皮,1
95%,1
多，外卖,1
就量,1
不公平,1
协调,1
馍,1
十五分钟内,1
去哪儿,1
说退,1
水盆羊肉，凉皮,1
：饭,1
开眼,1
夹肉馍,1
，馍,1
芥末？,1
一单元,1
cao,1
唯有,1
汁，米线,1
，烤翅,1
，骨肉,1
凉皮拌料,1
鼻毛，,1
黑毛,1
……春卷,1
零一分,1
之后面,1
骨肉,1
凉皮料,1
崔,1
配餐员,1
热！,1
餐。。,1
棍,1
棍面,1
两小片,1
拿度,1
顺？,1
可以说实话,1
北店家园,1
预算,1
地标,1
两地,1
应承,1
豆皮，差评，,1
！還沒,1
！！米飯,1
油泡,1
，比老车记,1
龙旗广场,1
西瓜汁,1
，鱼豆腐,1
增,1
周黑鸭,1
百度外卖还不错，,1
黄飞鸿,1
鸡蛋干,1
微辣鸭翅,1
鸭翅，,1
每人,1
系列,1
躲过,1
，鸭脖,1
真费劲，,1
！藕片,1
今儿,1
，萝卜牛腩,1
一个12元,1
凉粉，,1
四喜烤麸,1
，干锅牛腩,1
饭。,1
瓜条,1
秩然鸭架,1
烤鸭，,1
信，,1
3顿,1
，然并卵。,1
多于,1
！黄焖鸡,1
红烧豆角,1
真烂,1
多亏,1
名副其实,1
零食,1
10点40多,1
清华科技园,1
华清家园,1
车箱,1
回请,1
！！！差差差！！！！,1
差，加油吧！,1
送饭，,1
很差，餐,1
100米,1
好称,1
外卖？,1
流量,1
10.40,1
11.50,1
红烧鸡块，,1
15:00,1
转身,1
“那”，,1
至此,1
完事,1
轻蔑,1
12:32,1
一指,1
饿，,1
！利于,1
中午12:29,1
搭理,1
孜然鸡丁饭,1
提价,1
蒜苔肉丝,1
西红柿炒鸡蛋。索性西红柿鸡蛋,1
10:26,1
……菜,1
。米。,1
半拉玉,1
反居然,1
新店,1
下肚,1
1量,1
走好,1
丧失,1
口径,1
第三个,1
打马虎眼,1
拿钱,1
百度外卖软件逼迫,1
10:22,1
早些,1
狗屎,1
土豆炖肉,1
疯狂,1
奔跑,1
真棒，,1
;,1
恐吓,1
威胁,1
。细品粗粮？？？饭店名,1
红烧肉份量多…,1
部,1
田,1
干锅辣鸭头。,1
七分,1
接…,1
细品,1
死！,1
12点50分,1
妈蛋！！！！,1
牛油,1
小瓶,1
雇佣,1
铁？,1
姗姗来迟,1
小利,1
结成,1
欠！,1
作孽,1
活，,1
痛苦,1
不计,1
11:45分,1
点发酸，,1
油特多，菜,1
省吧。。。,1
两三小时,1
辣，饭冷啦，,1
艰辛,1
值花,1
13块,1
打人,1
，那,1
适度,1
，F服U务C差K！,1
169分钟,1
孜然鸡丁,1
11点45,1
9点58分,1
连声,1
过劲儿,1
三星吧。,1
误导,1
“酸豆角焖肉饭”,1
＂酸豆角炒肉末＂，,1
焖肉,1
毫无疑问,1
14元,1
？？？酸豆角焖肉？,1
十点半点,1
最讨厌,1
横！,1
送错单了！！！！,1
错事,1
十分钟2个小时,1
成一起,1
恩，不错，,1
，兔,1
？嚼,1
猪血，,1
渝香,1
假期,1
心情不好,1
胖子,1
年轻,1
，嫌,1
晾,1
百度！,1
辣椒醋,1
两天晚,1
越来月,1
凉面醋,1
，酸掉牙。,1
针对,1
评分给,1
百度外卖投诉，,1
海泰大厦,1
伎俩,1
一通,1
！！！！！活久,1
六点半,1
辣椒油？,1
，红烧肉河粉,1
永远不看,1
清洁,1
提速,1
，汁,1
再试试,1
黄字,1
第三，,1
半罐,1
下方,1
菜盒,1
，离,1
大洋,1
不值。,1
瞎扯,1
1小时30分钟,1
橙汁，,1
红油，,1
劲道，,1
必要条件,1
例外。,1
不见餐，,1
凶,1
Orz,1
红烧牛肉，,1
蠢,1
11:36,1
31分,1
所门口,1
未接,1
走着,1
小渝府，,1
嫌弃,1
打通，,1
55分,1
骑车,1
沫，，,1
不该,1
么。。。。。。,1
第三天,1
辣口，,1
头骨,1
老坛酸菜牛肉面,1
小觉,1
泡囊,1
豆丝,1
呕吐物,1
。闻,1
过桥米线，,1
家饭，,1
四喜丸子，,1
畅通,1
当啥,1
联通,1
台，,1
一整块,1
汤咸,1
磕,1
，行,1
？真牛，,1
十一点零六,1
排除万难送到,1
两点钟,1
梅菜一般，肉还行。配菜,1
凉拌黄瓜,1
太辣，,1
，史,1
失恋,1
这是为什么呢,1
机器,1
智能,1
“本机”）,1
勺，,1
旺德,1
福差,1
餐筷,1
立减,1
痛心疾首啊！,1
，腊肉,1
意淫,1
有前途,1
黑社会,1
难倒,1
老大？,1
透过,1
我也不知道,1
菜汤，差评！！！,1
米线汤,1
！貌似,1
店商,1
红烧肉，菜,1
，面坨,1
收银员,1
小妹,1
肉末，,1
菜！,1
脸色,1
129分钟,1
卤蛋香肠，,1
？？！,1
蛋花汤,1
凉拌金针菇，,1
娘俩,1
烤肠。卤蛋,1
赠饮,1
凉拌米线,1
出新,1
十一点十七,1
送干嘛,1
写派,1
，切,1
蒜苗炒肉,1
打乱,1
烤肠！！,1
30米,1
味……,1
酱香排骨面，,1
香辣排骨面！,1
蛋壳…,1
心！,1
清洁球！！！！！！！！,1
二逼吗？,1
早上九点,1
。真尼玛,1
餐，尼玛,1
砖头,1
11点24,1
现在12点,1
烤肠太硬，,1
不明码,1
广味烤肠，,1
卤蛋！,1
土豆豆角,1
烦躁，,1
恼火,1
辣？！,1
！！！！！！！！！！！！！！！！！！！！！,1
令,1
三天前,1
12点06,1
。多,1
11:41,1
12:27,1
11:01,1
通畅,1
开机,1
地步,1
催单打电话，服务员态度恶略，,1
群殴,1
信？,1
椅子,1
用语,1
撕错,1
文明,1
i,1
le,1
really,1
ri,1
uzi,1
红烧牛肉,1
菜汁,1
呀呀,1
落下,1
土豆块,1
仓促,1
渣渣,1
小片,1
找回,1
，光收拾,1
】。。,1
【,1
姜丝。,1
姜吗？,1
泡椒牛肉面,1
，泥马,1
，艹，爷,1
打翻,1
13051325039,1
。梅菜扣肉,1
满，,1
105分钟,1
公道,1
！！！气死人！！！,1
控制,1
等餐,1
超级差，气死人。,1
气死人，,1
，老,1
金针菇咸,1
腻虫,1
肉丝炒河粉,1
排骨河粉，,1
红烧牛肉。,1
至尊肥牛，,1
近2个小时,1
。凉拌米线,1
狂,1
侮辱性,1
三更,1
关门大吉。,1
半夜,1
虚心,1
语言,1
1点20,1
10点58分,1
说辞,1
下午5点,1
搪塞,1
一大段,1
晚上8点,1
6片,1
7:10,1
4:50,1
红烧牛肉面,1
凉拌面！,1
辣条,1
查，,1
。干,1
学生,1
，呵,1
路口,1
。有,1
如初,1
如一,1
，催单崔,1
抽筋,1
停电,1
软装,1
多彩,1
250ml,1
耐性,1
00,1
。红烧牛肉,1
有事,1
急事。,1
127分钟,1
易,1
守功,1
融,1
软包,1
红火,1
轻易,1
承受,1
默默地,1
少给我广味烤肠,1
肉相,1
摧,1
借,1
凄厉,1
，女鬼,1
大伙们,1
一小时左右,1
太辣。2、,1
花椒，,1
碎，,1
结婚,1
连路,1
豆花,1
，催单不管用，米线,1
番茄贡丸,1
豆花米线，,1
豆花米线,1
豆花！！！！！,1
。特,1
，猪,1
上心,1
快要,1
差差差，,1
了吧，,1
！！菜,1
几步,1
北科大,1
渝川,1
有名,1
交涉,1
三个半小时,1
N次单，,1
11点01,1
大米,1
分下,1
酱香排骨豆花米线,1
11:46,1
米线。,1
14:10,1
13:34,1
更大,1
如实,1
受不起,1
远？！,1
tn,1
前两分钟,1
名正言顺,1
，世纪,1
十点二十点,1
临,1
撂,1
蛋！！,1
高点,1
，面陀了。,1
98分钟,1
蒸蛋,1
，海,1
梅菜,1
一个样,1
科大,1
。。。。太多。。。。,1
晚那么久,1
！问,1
，形同虚设,1
或许,1
陈,1
。。。。。。。。,1
，酸菜肉丝,1
拎着,1
许多,1
然我,1
太晚，,1
桶面,1
腐竹细丝,1
红烧鱼块淀粉,1
较多,1
。鸡汤,1
。妄,1
改革,1
，催单态度,1
紧，,1
节约,1
加班，,1
10:23,1
八道，,1
11.34,1
较大,1
12点40,1
，物证,1
鱼刺,1
坚硬,1
嗓子眼，,1
赶快,1
保留,1
嗓子眼,1
压根儿,1
下限,1
1点钟,1
实惠、,1
少给我个爽口菜。,1
负数,1
。河粉,1
烤肠，,1
牛饭,1
豆芽菜，,1
ps,1
……）,1
相差甚远？,1
预估,1
未免,1
季节,1
11点10,1
45分钟左右,1
有时,1
误差,1
：餐,1
睡着,1
梦,1
一两分钟,1
顺路,1
识别,1
，味觉,1
几遍,1
乌鸡汤,1
烤肠，烤肠,1
难闻,1
恶死,1
岂是,1
暂,1
不容,1
味蕾,1
05,1
涨………………,1
搜搜,1
随,1
21元,1
。。。。。。。,1
就怕,1
迅捷,1
包菜，,1
，差评！！！,1
忍。,1
鉴定,1
18:40,1
因此,1
无故,1
，炒饼,1
鸡蛋炒饼，蕨根粉特硬，,1
硬咽,1
硬结，,1
还错,1
北京科技大学,1
泡菜，,1
此单,1
止,1
，动不动,1
大？,1
笋子,1
红烧排骨，,1
伙计,1
半个钟,1
气死人,1
不符！,1
辣、麻，土豆丝,1
夫妻肺片,1
夫妻,1
肺片,1
纯属,1
，气死,1
酥肉，,1
呢，扣肉,1
扣肉。,1
，晕,1
顾客。,1
s,1
快点吧！,1
毛钱,1
三趟,1
差！！,1
太差！！！！差差差差差差差！！！！,1
放不好,1
牛肚,1
！烤肠,1
钟才,1
没辙,1
二点,1
太少，太难吃！！！,1
事！,1
家吧,1
在那里,1
酸菜猪骨汤,1
一小时四十分钟,1
太差，，，,1
奥尔良，,1
大幅,1
大蒜,1
促销,1
忘，,1
一点多,1
晚；,1
不通、,1
、、,1
抓狂。,1
驴,1
马嘴,1
。。。。PS：,1
。。人,1
着凉,1
？再者，,1
差！！！！！！！送餐,1
八份,1
打错,1
136分钟,1
十一点半点,1
胡萝卜，萝卜,1
黄花菜,1
；餐,1
11点十四分,1
可惜者,1
长久,1
坑爹，,1
监管,1
1000多米,1
奸商,1
麽。。。,1
，距离,1
加工,1
老客,1
原先,1
极为,1
等一,1
十分之一,1
明明卤香鸡腿,1
进货,1
二十下,1
三四遍,1
，气愤,1
给从新做,1
无言以对,1
！坨,1
！河粉汤,1
吸收,1
难以忍受,1
送递,1
霸道,1
，吼,1
迂腐,1
贴切,1
名儿,1
红烧排骨,1
失联,1
慢都挺好,1
梅菜扣肉,1
猪蹄子,1
差劲，,1
说不关,1
熟，蒜台、青椒,1
二三十分钟,1
咸，齁咸，,1
相较而言,1
盐，梅干菜扣肉,1
梅干菜扣肉,1
腐丝,1
还行把,1
红烧牛肉肉,1
，巨坑爹！！！,1
太差劲，,1
弄脏,1
，错开,1
油，菜,1
。无语，,1
，卧槽，,1
热汤，,1
，塑化剂,1
粉辣,1
么辣,1
酸辣,1
好处,1
菜。。,1
文字,1
，好，,1
接下来,1
这件事,1
下午6点8分,1
，咸，炒饼还好吧，,1
餐食,1
略过,1
路径,1
第一单,1
好受,1
。螺狮粉实在…,1
冲天,1
水军,1
气味,1
春,1
猪脚,1
短期内,1
紫色,1
送错了东西还有理了啊～,1
歉,1
豆泡,1
味，特难闻，,1
有关系,1
汽油,1
，米粉,1
坨坨,1
白醋,1
小气,1
！米粉,1
，臭,1
操守,1
此生,1
超时赔付,1
米飯一樣，,1
已經,1
「斷,1
來,1
失望 ,1
汤，粉,1
对付,1
螺蛳粉,1
，气人！,1
……少,1
眉毛,1
泪！！！,1
十一点一,1
刻点,1
。中饭,1
13点半,1
正如,1
桂林米粉,1
擅自,1
口味儿,1
超辣，,1
螺狮粉,1
1小时48分钟,1
：拜拜！！！,1
恶心…,1
一万年,1
螺狮粉，,1
十单,1
流程,1
开工,1
味儿，鸭掌还行，绿豆汤,1
铁定,1
绿豆汤,1
，粉,1
砣,1
大汗,1
单，一点半,1
四十下,1
心疼,1
满头,1
晚15分钟,1
螺号,1
点菜单,1
～坑,1
，分,1
，油泼面,1
油泼面,1
忍心,1
百度电话！！！,1
半个月,1
麻辣羊血,1
葡萄汁,1
要命，卤蛋,1
几元,1
羊肉汤，,1
汤面，,1
粉汤,1
羊汤,1
十分钟内,1
麻油，,1
下都,1
羊肉泡馍酱肉包,1
